{"type":"Topology","arcs":[[[53829,83222],[26,49],[44,19],[56,-1],[38,-33],[51,5],[116,-40],[32,36],[5,59],[89,107],[20,16],[75,8],[51,101],[89,53],[55,69],[89,-7],[22,-43],[30,1],[6,32],[-18,16],[-2,25],[42,75],[57,15],[151,-13],[75,73],[55,23],[42,-61],[51,-41],[37,-10],[70,-86],[25,-2],[86,-75],[100,-54],[42,-7],[48,30],[27,-6],[30,16],[60,-19],[13,6],[52,-26],[29,45],[39,8],[72,-2],[47,-20],[6,-17],[76,-2],[45,17],[41,35],[47,-13],[5,-25],[68,-20],[26,-35],[45,-26],[42,16],[24,-17],[62,7],[43,-25],[72,45],[11,18],[-2,144],[-62,85],[-9,127],[20,90],[-18,36],[4,39],[-36,82],[-8,87],[14,23],[-40,121],[15,48],[-29,90],[-19,5],[-13,27],[-6,37],[21,61],[32,21],[-1,20],[76,30],[31,49],[-22,42],[-126,30],[-102,53],[15,29],[-15,105],[13,83],[24,55],[-39,52],[7,174],[23,-21],[88,-9],[28,-34],[34,-5],[17,-26],[69,-27],[27,3],[31,-15],[10,15],[85,1],[48,-33],[52,-4],[26,-68],[-16,-2],[-12,-31],[11,-50],[36,-27],[15,-28],[-5,-23],[24,-29],[36,-9],[-9,29],[42,13],[32,-18],[10,28],[29,-1],[15,-48],[87,-78],[27,-16],[-1,40],[16,8],[50,-29],[38,-6],[51,-28],[18,-53],[78,-62],[43,35],[50,-5],[62,43],[49,77],[97,30],[8,17],[21,-6],[16,36],[64,14],[55,39],[107,-2],[29,-19],[22,-44],[-3,-23],[46,-44],[41,8],[65,-40],[91,-4],[69,-24],[22,-66],[52,-68],[6,-27],[-18,-56],[13,-75],[-54,-62],[-18,1],[-27,-33],[-41,-15],[4,-44],[41,-35],[15,-47],[34,-26],[26,-1],[15,-38],[23,-19],[40,-12],[16,16],[54,1],[20,-13],[69,14],[22,21],[12,-18],[11,-38],[-8,-35],[-15,4],[-15,-41],[-19,-1],[2,-31],[41,-25],[20,-44],[9,-92],[77,-45],[21,-55],[-54,-43],[-5,-16],[12,-41],[51,-27],[-28,-27],[-4,-54],[24,-30],[-7,-35],[34,-12],[27,-39],[60,-16],[16,-48],[28,-25],[-32,-44],[-16,-65],[6,-69],[-18,-16],[17,-11],[6,11],[10,-35],[-13,3],[6,-53],[-23,-30],[0,-19],[25,-15],[78,0],[32,37],[59,18],[67,-12],[63,30],[-5,-86],[-32,-65],[11,-129],[54,-32],[-11,-107],[22,-33],[8,-45],[115,129],[19,28],[6,39],[22,3],[38,55],[5,35],[41,76],[48,22],[41,51],[29,69],[29,19],[13,56],[116,144],[38,9],[26,21],[33,-15],[31,23],[34,66],[24,20],[84,6],[78,41],[25,-7],[35,23],[227,43],[65,-6],[51,-21],[53,84],[-10,65],[43,92],[68,38],[4,38],[12,11],[54,14],[7,40],[21,0],[12,14],[25,-10],[2,18],[31,8],[12,29],[41,23],[12,-5],[26,27],[13,70],[10,19],[21,3],[-3,36],[-12,31],[-21,12],[-23,-2],[-11,-13],[-9,13],[12,21],[-16,21],[47,13],[25,49],[-31,51],[10,35],[-8,29],[-37,34],[4,25],[-19,13],[5,21],[-17,12],[28,73],[16,11],[7,39],[17,-5],[41,50],[46,-6],[35,-14],[12,-18],[33,12],[72,68],[37,-10],[13,14],[66,-10],[25,-29],[25,-9],[59,50],[82,24],[57,60],[111,20],[50,32],[9,27],[33,26],[24,51],[11,65],[78,31],[-16,82],[101,22],[110,-23],[61,29],[108,12],[5,15],[53,35],[57,-2],[12,23],[60,45],[280,23],[53,23],[81,6],[69,67],[127,2],[89,-28],[85,-52],[49,-1],[40,-46],[-2,-32],[29,-13],[8,-16],[-12,-55],[60,-64],[58,-32],[94,6],[48,-93],[71,35],[64,-55],[86,-3],[70,-58],[43,28],[34,43],[47,-8],[51,28],[48,-17],[39,26],[59,2],[14,50],[56,48],[-5,39],[61,75],[-32,146],[4,35],[36,24],[67,14],[42,69],[-28,86],[25,49],[40,9],[15,-42],[50,-9],[68,22],[79,54],[33,3],[115,-82],[104,50]],[[64927,85680],[0,-102],[-16,-103]],[[64911,85475],[-30,-132],[19,-68],[42,-38],[62,-17],[41,-25],[63,-94],[104,-61],[29,-34],[-12,-105],[-103,-215],[55,-249],[-64,-60],[-71,-115],[-4,-32],[25,-95],[-22,-50],[-39,-41],[-33,-83],[20,-100],[83,-121],[8,-81],[-96,-117],[-174,-68],[-39,-48],[60,-144],[-4,-38],[30,-109],[9,-105],[35,-121],[76,-68],[-27,-23],[-159,4],[-36,-27],[-5,-23],[28,-68],[65,-95],[4,-50],[-13,-49],[-129,-23],[-27,-26],[12,-94],[46,-79],[-7,-42],[-60,-64],[-60,-28],[-47,10],[-66,66],[-29,-9],[5,-45],[67,-83],[-3,-27],[-80,-91],[-56,-236],[-104,-71],[-38,-40],[-30,-65],[-5,-70]],[[64227,81493],[-25,10],[-54,-19],[6,41],[-12,5],[-92,-73],[-23,29],[-31,1],[-29,28],[-37,-9],[-75,94],[-45,-15],[-22,19],[-28,-20],[-20,14],[-42,-7],[-41,20],[-21,34],[-63,-13],[-84,36],[-8,26],[-36,24],[-29,42],[-44,13],[-33,-25],[-34,13],[-28,-17],[-26,15],[-9,-22],[-27,4],[-15,-12],[-21,22],[-28,-24],[-26,12],[-61,-79],[-20,-9],[-17,24],[-42,-22],[-2,-18],[14,-13],[-20,-8],[-2,-33],[-18,-18],[-30,7],[-9,14],[-82,4],[-32,24],[-29,-22],[-52,9],[-35,33],[-26,-5],[-1,29],[-77,41],[-69,-16],[-67,16],[-29,21],[-74,0],[-56,-52],[-45,-1],[-39,-43],[-62,9],[-48,-10],[-24,-43],[-91,-13],[-7,-21],[-40,-13],[-22,-24],[-24,16],[-14,-8],[-87,21],[-71,0],[-20,21],[-27,-33],[-53,-20],[-26,3],[-11,-17],[-44,21],[-3,-21],[-20,-15],[9,-16],[-10,-26],[-24,-18],[-217,-19],[-5,-23],[-24,-18],[-9,-42],[-18,-10],[8,-20],[-15,-12],[22,-37],[-21,-17],[2,-27],[-25,-32],[-47,4],[-8,-27],[-25,-6],[-52,-112],[-41,-40],[4,-21],[-57,-25],[-7,-44],[-34,-9],[-97,-146],[9,-22],[-24,-30],[16,-18],[-3,-32],[-33,-10],[-40,-35],[13,-14],[-29,-41],[9,-36],[-12,-36],[28,3],[6,-17],[-6,-12],[-23,1],[-8,-21],[-33,-8],[-42,11],[-50,-43],[-41,23],[-46,-4],[-26,18],[-16,35],[-52,7],[-3,16],[-48,38],[-10,-9],[-24,8],[-24,-15],[-12,12],[-25,-26],[-51,30],[-21,-14],[-6,-22],[-45,-22],[-36,3],[-8,-11],[-30,9],[-13,-17],[-34,19],[-19,-2],[-40,-23],[3,-34],[-26,-54],[-30,-27],[-31,-1],[-69,-116],[-31,-8],[-29,23],[-6,-13],[-59,-19],[3,-18],[-24,-6],[-9,-23],[-33,-18],[-25,20],[-21,-11],[-44,26],[-58,5],[-224,95],[-67,1],[-40,-21],[-12,-33],[-38,-26],[-14,-35],[-30,-16],[-6,-38],[-24,1],[-28,-16],[-45,-81],[-80,-62],[-67,-28],[-16,-35],[-57,-34],[-24,-31],[-55,-24],[-12,-22],[-4,-84],[-43,-135],[55,-31],[23,-60],[32,-15],[24,7],[63,-36],[71,-87],[13,-217],[-4,-36],[-40,-54],[-46,-33],[-8,-40],[-72,-103],[-154,-74],[10,-271],[32,-32],[18,-132],[72,-119],[59,-38],[113,-36],[-19,-174],[-46,-85],[-115,-90],[-37,-57],[-93,-26],[-20,-18],[-20,-108],[-115,-127],[-11,-45],[-35,-27]],[[58343,77363],[-64,5],[-68,-17],[-81,41],[-76,-21],[-101,69],[-89,41],[-25,68],[1,76],[-79,48],[4,15],[-18,24],[17,45],[-9,42],[-117,120],[-25,50],[-8,80],[-28,21],[-108,5],[-33,16],[-16,127],[-61,21],[-11,23],[36,51],[-10,18],[-54,1],[-66,31],[-143,33],[-129,-15],[-62,-45],[-84,-1],[-24,17],[-17,54],[-34,6],[-40,-21],[-45,-1],[-15,9],[-27,78],[-67,21],[-139,-36],[-43,9],[-33,-44],[-21,-7],[-38,26],[-92,26],[-81,-12],[7,195],[-27,31],[1,38],[-29,5],[-12,16],[-5,20],[21,32],[-57,-6],[-22,14],[-42,-9],[-32,42],[-18,-9],[7,-15],[-14,-18],[18,-9],[-1,-26],[-30,8],[-20,-19],[4,-29],[-70,-35],[-5,-49],[19,-42],[-16,-8],[-92,-35],[-115,13],[-61,-14],[-54,13],[-104,2],[-41,56],[-27,13],[-28,59],[-24,6],[-31,86],[11,31],[-23,59],[6,19],[-24,-2],[-11,16],[-7,96],[-41,57],[-9,38],[-20,9],[8,22],[-66,78],[2,14],[35,-1],[-9,25],[-64,46],[-48,122],[-34,19],[-103,-76],[-8,-77],[-29,-33],[-29,-20],[-24,13],[-36,-31],[-11,-39],[32,-39],[1,-24],[-68,-7],[-8,31],[-22,5],[7,-72],[-50,-48],[12,-22],[53,-2],[6,-11],[-70,-22],[-7,-53],[-24,-4],[-37,-29],[20,-48],[-47,-57],[28,-112],[41,-44],[-35,-106],[-103,-12],[-33,-66],[-58,-49],[-15,-30],[-98,21],[-55,48],[-40,-8],[-41,25],[-52,-10],[-39,24],[-67,6],[-17,22],[-44,9],[-19,37],[7,11],[23,-24],[23,21],[1,19],[-32,-7],[1,16],[-38,14],[-38,49],[-22,-7],[-32,10],[-20,68],[-61,-18],[-38,32],[-41,14],[8,58],[-19,46],[1,56],[-19,19],[-9,37],[-42,46],[13,54],[-15,66],[21,36],[-11,110],[-20,-5],[-16,17],[-23,-3],[-44,84],[-72,53],[26,28],[-12,29],[32,99],[32,31],[28,53],[0,37],[-24,21],[2,70],[42,27],[50,92],[18,54],[-8,49],[42,53],[0,19],[35,-12],[27,5],[-8,50],[3,21],[18,0],[4,27],[111,9],[17,36],[89,-113],[101,-81],[38,-10],[25,-22],[4,-23],[29,13],[6,35],[42,13],[23,25],[-6,72],[-16,16],[7,26],[38,36],[12,54],[-11,34],[26,22],[-30,32],[14,17],[40,14],[24,50],[-9,25],[23,13],[17,75],[27,3],[22,29],[-8,26],[26,10],[8,21],[-18,18],[14,3],[3,25],[51,4],[38,54],[18,58],[-54,50],[20,88],[22,33],[-16,123],[-54,10],[-11,-8],[-68,61],[-1,57],[-43,83],[12,91],[58,-2],[37,16],[89,77],[37,-7],[35,16],[11,33],[70,-10],[65,-64],[54,-27],[60,-7],[40,3],[83,81],[53,12],[22,-78],[18,-20],[27,-1],[17,-28],[18,12],[4,-37],[12,-1],[4,-18],[45,12],[95,-39],[49,14],[59,-25],[21,4],[3,12],[40,-7],[35,12],[5,-20],[23,-5],[13,-32],[245,107],[4,35],[-16,40],[38,38],[11,84],[52,44],[44,91],[58,-1],[52,-20],[37,95],[-16,63],[11,50],[-10,32],[12,28],[-11,19],[-32,9],[-50,-4],[-68,110],[-50,-15],[-69,3],[-35,46],[-45,8],[-34,38],[-42,7],[-67,82],[-69,10],[-17,27],[-31,8],[-38,117],[-63,-8],[-108,70],[-39,-17],[-38,12],[-46,-5],[6,-69],[-26,-35],[-40,1],[-42,19],[-41,-18],[-41,32],[-17,-12],[-42,5],[-18,-22],[-39,-14],[-7,-31],[-53,-38],[-56,-18],[-30,-37],[-66,-4],[-27,-20],[-67,-12],[-35,-20],[-42,23],[-87,-8],[-71,22],[-22,-45],[-43,70],[-79,1],[-66,41],[-60,-14],[26,74],[-10,43],[44,27],[-12,43],[36,67],[-24,25],[12,13],[-8,20],[25,37],[-18,10],[5,41],[-19,44],[-20,33],[-21,0],[-6,52],[16,34],[-30,44],[-60,383]],[[67403,31443],[60,68],[4951,1313]],[[72414,32824],[158,-94],[104,-23],[208,23],[250,3],[89,42],[130,155],[70,41],[135,1],[76,-41],[161,-245],[147,-72],[60,-7],[49,12],[153,62],[54,-25],[27,-36],[20,-64],[-12,-49],[-152,-140],[-1,-32],[16,-23],[34,-3],[77,54],[63,9],[75,30],[71,46],[119,26],[109,-22],[83,-52],[36,-82],[12,-224],[83,-106],[-2,-76],[-31,-82],[40,-35],[53,-9],[79,20],[85,56],[38,129],[23,45],[30,15],[37,-17],[30,-144],[42,-77],[70,-63],[83,-28],[165,-20],[368,130],[94,19],[80,-3],[85,-16],[73,-30],[76,-44],[59,-72],[65,-25],[82,-11],[51,19],[123,121],[86,61],[145,52],[60,-9],[65,-145],[77,-69],[143,-81],[203,-52],[80,-55],[69,-66],[36,-139],[34,-47],[115,-29],[197,-181],[63,-120],[31,-34],[55,-14],[358,43],[184,100],[185,41],[119,2],[108,-54],[86,-81],[50,-20],[76,-1],[33,47],[3,132],[17,81],[86,149],[44,196],[102,145],[177,62],[99,6],[149,-39],[104,-51],[132,-88],[152,-141],[62,-94],[54,-172],[62,-88],[39,-32],[104,-49],[125,-12],[292,-8],[118,20],[92,39],[201,117],[51,-1],[85,-24],[44,27],[40,100],[59,52],[49,25],[56,7],[117,-29],[64,95],[88,81],[54,26],[41,-7],[30,-30],[15,-144],[22,-31],[74,-41],[57,8],[46,-35],[72,-14],[118,-127],[71,-54],[157,-51],[5,-139],[15,-16],[477,-290],[177,-147],[370,-170],[59,-1],[129,167],[71,122],[71,61],[110,48],[181,245],[155,122],[99,135],[197,177],[113,133],[109,22],[53,0],[40,-16],[32,-32],[40,-128],[-52,-116],[35,-60],[89,-87],[217,-82],[129,-101],[84,-41],[175,-37],[526,162],[89,12],[85,70],[41,-1],[66,44],[64,136],[43,41],[5,52],[-119,235],[-3,160],[26,63],[37,42],[11,56],[-5,175],[23,66],[194,52],[165,125],[21,127],[145,175],[93,141],[69,227],[2,157],[43,92],[200,175],[148,69],[64,21],[189,-8],[55,9],[101,65],[36,33],[66,112],[111,248],[83,95],[45,22],[45,2],[231,-29],[442,-22],[308,28],[458,-10],[125,-6],[109,-23],[162,-1],[168,63],[288,12],[116,83],[149,18],[300,226],[9,60],[-8,135],[-48,113],[-24,112],[-58,110],[-4,192],[100,211],[-6,97],[11,31],[137,99],[60,88],[102,88],[211,79],[216,110],[111,93],[100,170],[196,84],[129,29],[127,-2],[256,22],[337,79],[201,79],[161,22],[247,3],[149,17],[219,69],[261,148],[74,136],[179,108],[80,109],[94,193]],[[95517,37189],[137,-79],[152,-35],[20,-32],[0,-63],[-71,-118],[13,-26],[134,-37],[159,38],[52,-35],[46,-64],[44,-4],[106,72],[60,-30],[29,-74],[18,1],[48,68],[77,68],[91,22],[36,48],[98,21],[3,39],[-48,55],[8,34],[36,14],[83,-23],[88,-61],[101,-141],[51,-20],[41,-30],[16,-28],[8,-78],[-40,-67],[-6,-51],[69,-105],[42,-148],[48,-57],[61,-2],[91,69],[22,105],[33,23],[51,4],[40,-37],[21,-126],[-18,-74],[27,-53],[60,-2],[59,69],[35,11],[57,-18],[45,-68],[31,-15],[34,1],[151,51],[65,-13],[21,-12],[4,-35],[-54,-76],[-82,-26],[-30,-23],[19,-72],[141,-93],[80,-35],[68,6],[62,44],[12,36],[-60,113],[1,60],[15,48],[143,78],[56,15],[116,-14],[115,-42],[3,-57],[-36,-94],[121,-120],[144,-11],[94,-92],[59,14],[24,-54],[-33,-36],[-4,-49],[27,-34],[-43,-48],[68,-39],[-3,-19],[-34,-32],[81,-103],[162,-18],[37,-20],[41,-71],[4,-39],[-79,-141],[-45,-1],[-80,81],[-105,-23],[-69,-36],[-88,-81],[-26,-34],[-15,-88],[37,-85],[90,-96],[142,-70],[15,-39],[-10,-87],[21,-35],[46,-18],[195,-36],[46,-44],[5,-21],[-24,-69],[105,-153],[9,-45],[4,-135],[-53,-118],[4,-54],[98,-71],[20,-162],[211,-156],[-2,-61],[33,-47],[56,-35],[30,-138],[28,-28],[42,-12],[99,14],[26,47],[2,73],[26,39],[78,13],[261,85],[86,48],[6,53],[-27,44],[-162,5],[-16,42],[54,81],[86,72],[176,30],[21,27],[22,5],[54,-4],[58,-24],[34,-69],[50,-37],[89,-97],[159,-120],[30,-33],[43,-113],[49,-48],[33,-10],[52,5],[61,33],[23,67],[33,36],[186,136],[29,1],[67,-26],[99,-136],[58,-17],[37,-61],[55,-162],[88,-151],[17,-28],[70,-40],[83,7],[21,15],[15,23],[35,147],[34,40],[62,21],[50,0],[76,-48],[45,-52],[35,-5],[12,21],[-10,79],[9,28],[40,31],[53,-9],[20,-16],[33,-79],[44,-55],[125,-114],[149,-92],[65,-112],[168,-220],[43,-136],[-6,-69],[-26,-36],[-71,-47],[-44,-83],[21,-87],[52,-37],[53,10],[114,133],[237,108],[55,20],[82,7],[50,-12],[56,-54],[50,-194],[22,-36],[31,-7],[74,15],[222,-28],[80,7],[108,81],[23,93],[-16,72],[-22,23],[-32,7],[-94,-48],[-50,-10],[-78,11],[-104,48],[-26,33],[-7,45],[13,28],[57,34],[98,11],[103,78],[55,24],[110,-47],[110,20],[50,80],[33,114],[87,41],[98,-2],[82,-38],[122,-129],[42,-83],[20,-15],[44,-11],[35,6],[110,67],[48,15],[57,-17],[51,-32],[98,-160],[9,-46],[-25,-67],[-55,-39],[-243,90],[-62,-5],[-28,-17],[-95,-157],[-85,-80],[-173,-67],[-94,-65],[-127,-178],[-107,-120],[-49,-84],[-19,-63],[-8,-76],[14,-50],[28,-33],[96,-51],[35,2],[53,34],[17,56],[-24,124],[28,48],[58,22],[119,-20],[55,-87],[59,-51],[44,-75],[49,-166],[-16,-113],[46,-106],[-13,-165],[-33,-42],[64,-145],[0,-70],[-62,-143],[-23,-80],[-2,-69],[28,-70],[75,-74],[24,-45],[3,-38],[-21,-45],[-30,-23],[-91,-9],[-123,20],[-52,-16],[-57,-45],[-40,-96],[-27,-217],[6,-52],[69,-139],[124,-97],[112,-51],[50,-42],[187,-291],[54,-58],[64,-45],[27,-46],[0,-50],[-37,-51],[-160,-72],[-52,-30],[-24,-30],[-19,-46],[-8,-85],[-37,-71],[-32,-25],[-73,-16],[-144,57],[-47,0],[-44,-26],[-92,-144],[-19,-65],[0,-54],[54,-111],[203,-216],[175,-111],[62,-16],[112,-3],[72,38],[30,41],[32,147],[24,39],[49,44],[95,18],[82,-17],[23,-17],[16,-23],[0,-46],[-40,-114],[-23,-37],[-167,-132],[-45,-50],[-32,-85],[7,-42],[55,-106],[78,-63],[66,-24],[217,-23],[41,-15],[16,-45],[-19,-102],[10,-90],[43,-65],[42,-33],[156,-26],[178,45],[45,26],[50,52],[66,207],[291,285],[35,71],[4,55],[-21,80],[-36,58],[-43,17],[-135,17],[-81,-34],[-87,-62],[-62,6],[-50,29],[-48,95],[1,88],[16,40],[102,121],[255,217],[144,46],[89,-6],[54,-45],[107,-111],[47,-88],[60,-33],[90,1],[51,18],[45,47],[7,38],[-26,126],[3,90],[41,43],[38,5],[82,-13],[45,-30],[23,-37],[1,-42],[-52,-64],[-16,-45],[24,-68],[42,-32],[96,-17],[243,62],[72,39],[88,140],[61,15],[77,-27],[166,-88],[88,-79],[10,-35],[-7,-30],[-19,-16],[-41,-4],[-59,58],[-25,6],[-142,-91],[-153,-81],[-32,-31],[-10,-41],[10,-50],[108,-144],[11,-72],[-19,-63],[-139,-88],[-78,-93],[-30,-51],[-12,-77],[9,-45],[39,-73],[82,-57],[62,-16],[104,8],[78,27],[125,82],[62,21],[175,-5],[119,17],[71,44],[48,79],[47,139],[72,84],[71,73],[95,22],[97,-2],[58,-28],[300,-461],[81,-65],[161,-40],[59,-5],[94,27],[42,27],[33,65],[-24,48],[-25,13],[-26,9],[-92,-4],[-30,13],[-37,39],[-50,61],[-46,159],[-45,44],[36,31],[133,30],[37,39],[22,8],[26,-15],[48,-81],[36,-32],[39,5],[41,33],[68,-14],[84,-37],[113,-72],[190,-274],[66,-73],[125,-95],[89,-128],[-6,-106],[-23,-21],[-27,8],[-28,41],[-24,88],[-115,21],[-62,-26],[-9,-34],[26,-128],[-29,-385],[6,-151],[48,-129],[127,-110],[72,-4],[50,15],[45,29],[28,39],[52,171],[-29,199],[18,56],[46,30],[72,0],[60,17],[64,38],[57,55],[85,47],[73,-11],[42,-28],[35,-62],[10,-65],[42,-83],[21,-80],[56,-77],[22,-7],[38,18],[47,-28],[11,32],[40,13],[113,-31],[235,-199],[171,6],[104,44],[61,48],[40,66],[23,69],[1,113],[-18,62],[-46,71],[-43,28],[-108,24],[-10,48],[25,32],[31,13],[114,-16],[32,7],[28,19],[36,58],[8,26],[-10,78],[-90,191],[13,115],[41,73],[54,47],[97,40],[62,2],[76,-14]],[[112852,27059],[75,-51],[253,-317],[18,-96],[-7,-108],[-39,-52],[-61,-17],[-54,-73],[-29,-271],[-104,-204],[-30,-149],[27,-134],[54,-121],[104,-162],[31,-115],[-21,-255],[19,-108],[95,-211],[-4,-71],[-47,-35],[-172,-70],[-136,-202],[31,-456],[-28,-74],[-50,-69],[-108,-109],[-34,-65],[22,-205],[30,-148],[-771,-4028],[-583,-3043],[-1058,-5518],[-1122,-5851],[-891,-4568],[-22,1],[-88,-61],[-24,-43],[-42,127],[-84,110],[-430,416],[-146,99],[-148,163],[-102,161],[-93,200],[-473,302],[-118,104],[-129,153],[-189,256],[-110,239],[-68,248],[-63,58],[-269,72],[-285,160],[-107,185],[-85,272],[-142,168],[-234,107],[-137,32],[-122,44],[-90,17],[-66,-15],[-47,-32],[-110,-112],[-61,-38],[-60,-22],[-208,-3],[-65,-16],[-178,-170],[-175,-128],[-228,-85],[-337,-67],[-81,6],[-153,111],[-90,163],[-47,117],[-47,62],[-84,58],[-72,32],[-103,-11],[-78,-33],[-125,-120],[-51,-66],[-22,25],[-24,5],[-53,63],[-148,3],[-84,19],[-169,202],[-130,107],[-141,15],[-55,-9],[-62,-28],[1931,2857],[1532,2272],[2343,3447],[57,39],[103,231],[37,52],[-62,47],[-34,199],[-9,118],[26,105],[9,118],[-12,113],[-52,92],[-69,83],[-49,13],[-115,-18],[-75,-92],[-3,-91],[-66,-172],[-69,-41],[-124,-16],[-64,45],[-164,65],[-17,65],[43,91],[20,146],[-11,72],[-81,92],[-89,37],[-49,-2],[-26,-35],[-43,-129],[-32,-46],[-43,-14],[-92,0],[-55,33],[-63,80],[-41,119],[0,121],[-49,306],[-92,191],[-72,62],[-86,24],[-84,0],[-173,-91],[-173,-119],[-106,-29],[-173,-8],[-127,48],[-57,38],[-35,43],[-3,62],[86,113],[75,37],[84,16],[89,-2],[118,37],[75,43],[46,57],[-3,75],[-20,57],[-49,32],[-149,3],[-101,21],[-216,73],[-130,-14],[-161,-83],[-121,-124],[-116,-86],[-86,-2],[-112,18],[-107,105],[-35,76],[-49,231],[-95,126],[-72,62],[-69,-22],[-34,-59],[-128,-89],[-105,-21],[-147,113],[-118,232],[-123,109],[-179,42],[-182,-7],[-69,-21],[29,-85],[319,-87],[61,-61],[19,-113],[-61,-85],[-176,-66],[-222,-41],[-149,23],[-131,62],[-99,137],[7,94],[98,137],[27,80],[20,125],[-12,102],[-46,-11],[-88,-81],[-73,-33],[-144,-22],[-77,21],[-32,44],[-12,56],[15,69],[35,58],[82,64],[25,116],[-17,69],[-64,41],[-245,94],[-210,36],[-151,6],[-129,47],[-101,71],[-30,141],[-28,53],[-184,46],[-266,-42],[-143,23],[-95,80],[-22,150],[-83,227],[-84,131],[-129,38],[-189,-20],[-90,-88],[-60,-93],[-88,-76],[-160,-12],[-152,116],[-42,141],[-142,107],[-208,22],[-121,-48],[-59,-115],[28,-125],[218,-318],[46,-174],[-49,-45],[-69,-16],[-82,35],[-49,54],[-78,137],[-137,123],[-63,24],[-403,-148],[-103,-6],[-105,16],[-184,-42],[-98,-94],[14,-98],[47,-59],[54,-101],[19,-101],[-37,-44],[-77,6],[-75,63],[-112,25],[-83,-98],[7,-112],[-14,-144],[-44,-68],[-93,-13],[-67,12],[-123,116],[-48,94],[-111,132],[-70,48],[-107,-12],[-146,-205],[-57,-128],[-77,-83],[-61,-22],[-74,27],[-10,47],[128,168],[4,109],[-48,83],[-142,21],[-73,-34],[-47,-209],[-66,-124],[-91,-37],[-248,34],[-116,-83],[-151,-148],[-97,-35],[-102,62],[-23,97],[61,142],[55,70],[22,103],[-86,102],[-128,88],[-75,31],[-87,133],[-123,231],[-60,58],[-137,71],[-105,17],[-146,-55],[-43,-112],[135,-244],[54,-140],[-10,-124],[-47,-48],[-101,-15],[-92,86],[-51,162],[-25,134],[-49,87],[42,402],[-43,44],[-120,-9],[-161,68],[-161,32],[-147,-15],[-136,10],[-353,319],[-135,16],[-104,-22],[-138,-60],[-84,-78],[-188,-111],[-115,5],[-67,65],[-5,126],[16,108],[90,221],[-16,122],[-41,111],[-101,18],[-144,-72],[47,-89],[-11,-87],[-81,-44],[-152,18],[-98,-29],[-82,-72],[-48,-172],[-97,-18],[-120,158],[-80,9],[-75,-97],[-36,-118],[-124,-155],[-94,-406],[-64,-157],[-84,-106],[-57,-46],[-367,49],[-112,-66],[26,-194],[154,-211],[21,-68],[-46,-80],[-77,-11],[-57,50],[-10,128],[-62,46],[-132,-8],[-93,-93],[-140,-31],[-190,6],[-95,75],[-125,179],[-143,44],[-139,-63],[-173,-198],[-64,-109],[-111,-92],[-283,-174],[-40,-57],[9,-175],[-46,-144],[-73,-164],[-111,-59],[-78,16],[-31,67],[65,216],[-2,103],[-83,56],[-97,-35],[-176,-123],[-140,-33],[-95,15],[-125,142],[-173,-15],[-28,-61],[43,-51],[27,-69],[-41,-53],[-192,58],[-51,-20],[-26,-129],[-93,-37],[-111,-1],[-155,24],[-114,-67],[-261,-95],[-62,16],[-47,66],[31,123],[-28,119],[-143,87],[-114,245],[-15,6],[-62,-126],[-138,-56],[-156,9],[-218,124],[-116,-20],[-73,15],[-54,58],[-145,1],[-317,90],[-101,-10],[-56,21],[-93,63],[-139,202],[-138,65],[-117,-4],[-145,38],[-52,-23],[-8,-42],[59,-119],[-26,-101],[-182,-128],[-76,-114],[5,-118],[-15,-61],[-127,-94],[-38,-9],[-50,19],[-4,103],[39,84],[3,72],[-63,114],[-167,178],[-65,2],[-69,-27],[-44,-42],[-1,-154],[-35,-100],[-87,-32],[-74,22],[-48,112],[-14,127],[-48,58],[-55,32],[-60,12],[-44,-15],[-39,-31],[-49,-102],[-93,-72],[-148,-59],[-103,-20],[-129,-108],[-130,-59],[-262,46],[-93,-3],[-223,-125],[-50,-51],[-48,-17],[-58,58],[63,141],[-9,135],[-60,69],[-82,31],[-43,39],[-43,137],[-3,274],[5,27],[48,49],[-16,69],[-49,16],[-51,-11],[-74,7],[-66,-43],[-104,-120],[-66,-45],[-52,-3],[-69,61],[-55,83],[-46,198],[-28,32],[-76,25],[-47,-26],[-21,-52],[-20,-122],[13,-98],[-24,-76],[-134,-31],[-93,80],[-34,102],[-197,80],[-25,53],[-131,-32],[-84,6],[-44,54],[13,105],[53,51],[34,56],[-19,62],[-65,85],[-177,78],[-121,98],[-93,186],[-70,370],[45,62],[237,-12],[103,37],[52,88],[81,363],[104,66],[319,148],[10,106],[-30,88],[-123,-15],[-176,13],[-62,45],[-15,53],[29,69],[126,131],[41,58],[-11,78],[-58,52],[-170,86],[-109,213],[27,58],[73,85],[37,138],[16,167],[-12,101],[-40,133],[33,67],[68,78],[-2,78],[-27,103],[-77,22],[-113,-16],[-93,31],[-79,57],[-15,31],[-5,125],[77,151],[8,62],[-24,123],[-37,25],[-204,15],[-201,104],[-159,312],[-55,30],[-77,-10],[-51,-106],[16,-219],[-11,-58],[-39,-69],[-137,-41],[-52,8],[-24,68],[115,38],[27,31],[-3,34],[-29,35],[-50,17],[-129,-26],[-62,5],[-132,51],[-50,7],[-66,-12],[-68,-46],[-25,-64],[0,-57],[20,-63],[65,-83],[-2,-70],[-25,-35],[-51,-15],[-53,5],[-54,16],[-28,32],[-98,171],[-94,32],[-68,1],[-97,55],[-133,135],[-85,32],[-223,-116],[-154,-41],[-44,26],[6,105],[-26,85],[-179,200],[-88,56],[-293,36],[-84,84],[-151,56],[-93,57],[-64,64],[-19,83],[38,71],[149,107],[47,93],[-11,165],[56,84],[125,126],[225,150],[83,77],[53,117],[-64,74],[-65,-28],[-42,-64],[-87,10],[-45,47],[78,104],[-13,145],[36,78],[13,78],[-142,46],[-26,70],[80,77],[5,66],[-36,82],[-85,-12],[-87,14],[-138,87],[-55,94],[-6,212],[-44,44],[-55,23],[-304,-5],[-43,17],[0,103],[31,25],[104,-64],[70,7],[48,26],[3,160],[-26,66],[-89,143],[-123,105],[-23,179],[122,102],[-15,60],[-33,28],[-37,-2],[-70,-70],[-111,-17],[-78,37],[-59,50],[-42,124],[4,96],[-38,250],[-24,4],[-70,-53],[-173,20],[-84,57],[-70,108],[-79,63],[-82,4],[-99,-60],[-84,0],[-75,-39],[-147,28],[-122,86],[-34,324],[-58,-7],[-14,-27],[-30,-279],[-41,-132],[-31,-48],[-66,-30],[-124,30],[38,111],[-33,49],[-56,4],[-52,-53],[-65,-39],[-76,2],[-124,96],[-267,40],[-78,36],[-50,47],[-3,130],[-32,92],[-59,50],[-167,195],[-16,76],[17,57],[-54,129],[-26,124],[-75,67],[-93,-31],[-99,-99],[-150,-13],[-81,17],[-42,35],[-35,53],[19,60],[134,138],[-63,103],[-74,34],[-88,-78],[-36,-133],[-156,3],[-98,61],[-134,198],[-57,122],[25,124],[95,221],[6,38],[-45,95],[-102,23],[-84,-151],[22,-87],[-72,-114],[-120,-69],[-74,-12],[-561,179],[-82,89],[-346,142],[-122,-42],[-261,0],[-99,19],[-94,91],[-214,91],[-126,71],[-27,41],[1,60],[41,66],[58,50],[21,57],[2,49],[-80,92],[-11,118],[-67,150],[-38,34],[-38,11],[-223,-19],[-53,45],[-25,86],[20,48],[45,47],[70,38],[39,0],[146,-55],[83,-90],[58,13],[32,54],[-34,173],[44,110],[77,64],[89,31],[38,80],[-23,44],[-44,6],[-157,-86],[-107,-27],[-84,57],[-33,50],[60,187],[65,57],[-4,70],[-78,42],[-66,-31],[-94,-136],[-69,2],[-36,19],[-24,50],[11,62],[84,91],[-5,47],[-33,24],[-27,42],[-64,2],[-125,-43],[-73,6],[-74,38],[-163,143],[-45,79],[-15,76],[46,48],[165,20],[98,88],[30,53],[19,78],[-2,69],[-280,130],[-50,74],[19,66],[69,46],[44,90],[-36,128],[-104,51],[-62,82],[-19,118],[-58,87],[21,140]],[[62392,61119],[74,69],[72,94],[101,100],[40,23],[100,202],[123,90],[94,98],[138,91],[110,115],[195,322],[87,62],[167,59],[41,88],[-16,130],[53,15],[79,-3],[94,41],[57,50],[37,109],[44,55],[85,91],[141,104],[31,129],[60,115],[0,80],[16,20],[179,1],[101,42],[116,126],[43,191],[44,106],[98,160],[141,171],[100,79],[7,48],[-66,64],[15,127],[120,127],[0,56],[-44,71],[-136,109],[-22,50],[0,53],[38,91],[182,298],[6,38],[-22,81],[38,112],[-22,92],[-41,62],[-129,59],[-22,53],[79,50],[81,91],[129,207],[91,103],[75,50],[126,-23],[85,5],[72,77],[173,204],[60,182],[97,174],[53,201],[88,147],[88,62],[98,118],[135,50],[44,62],[22,68],[53,53],[157,80],[76,65],[94,125],[57,115],[0,35],[-29,24]],[[67143,68260],[36,1],[43,-27],[47,2],[20,14],[14,124],[24,5],[41,-26],[25,4],[8,14],[-2,57],[-53,65],[12,37],[36,3],[91,41],[17,18],[1,25],[33,6],[91,54],[74,90],[10,62],[47,8],[46,32],[61,2],[-6,88],[12,8],[31,-4],[23,-36],[31,-7],[65,76],[50,11],[46,-88],[91,-2],[29,15],[22,62],[-2,51],[-51,54],[-60,15],[19,99],[-69,107],[-18,55],[-43,27],[-2,41],[58,56],[103,-16],[78,35],[133,155],[21,41],[25,117],[33,23],[78,11],[38,20],[-6,101],[-28,28],[2,26],[80,4],[26,21],[27,51],[34,20],[40,99],[37,43],[19,99],[47,73],[45,36],[36,64],[98,50],[89,18],[29,-12],[12,-21],[91,-28],[63,64],[60,-6],[50,17],[79,-47],[0,-47],[22,-31],[87,0]],[[69639,70507],[141,-23],[20,14],[1,32],[19,27],[50,14],[32,-7],[108,16],[20,14],[8,38],[56,48],[15,29],[46,22],[48,83],[47,34],[2,70],[81,71],[40,12],[8,-35],[22,-2],[81,73],[127,-37],[32,7],[1,47],[-25,41],[14,103],[33,72],[71,83],[105,30],[62,4],[34,-4],[31,-27],[48,-7],[61,47],[21,-38],[82,11],[14,-58],[27,0],[155,140],[78,53],[24,93],[91,153],[64,-32],[35,-3],[41,39],[45,1],[106,-45],[43,-4],[93,75],[68,26],[62,98],[58,9],[62,44],[72,3],[47,28],[84,-5],[9,18],[24,7],[92,-20],[37,3],[14,22],[-8,64],[28,35],[6,49],[42,50],[83,-47],[36,11],[29,35],[223,-54],[125,-7],[36,-23],[43,17],[47,39],[11,11],[-54,21],[-56,70],[-18,160],[-73,76],[41,27],[5,33],[47,56],[20,60],[57,48],[7,23],[-80,36],[-90,69],[-49,72],[-98,58],[-49,59],[20,176],[-18,93],[-85,224],[12,173],[-25,27],[-54,13],[-39,55],[-2,25],[-48,36],[-17,41],[6,50],[48,127],[91,102],[40,14],[63,67],[76,35],[143,29],[46,-2],[142,44],[67,154],[-8,52],[-32,27],[0,13],[68,47],[48,94],[113,98],[92,46],[108,12],[44,-9],[8,58],[44,48],[178,116],[92,28],[59,-14],[119,80],[109,34],[83,-32],[97,-83],[169,-24],[134,-159],[-40,-23],[-18,-25],[-80,-180],[-34,-26],[-106,-30],[-28,-33],[24,-105],[-34,-45],[10,-56],[-32,-22],[18,-52],[88,-82],[34,-88],[142,-130],[-22,-188],[35,-98],[2,-114],[160,-187],[6,-106],[50,-87],[-15,-160],[60,-61],[157,-86],[114,-15],[143,-51],[119,1],[90,-55],[68,-9],[40,13],[86,63],[94,12],[113,131],[80,14],[91,57],[137,40],[111,15],[184,-1],[137,22],[283,-145],[297,-65],[152,-64],[95,15],[156,-29],[195,-52],[79,-43],[96,-23],[36,-42],[64,-38],[12,-48],[67,-22],[57,-84],[54,-3],[29,-55],[217,-137],[6,-26],[-13,-39],[32,5],[53,-13],[114,382],[656,4075],[16,13]],[[79665,76792],[15,-52],[-45,-262],[26,-26],[13,-43],[50,-37],[29,-55],[35,-145],[86,-72],[100,-135],[91,-76],[37,-58],[46,-43],[147,-84],[107,-117],[54,-108],[26,-86],[120,-148],[36,-68],[116,-126],[52,-132],[102,-58],[53,-67],[29,-64],[71,-66],[29,-86],[48,-51],[142,-90],[36,-61],[92,-18],[148,-70],[12,-19],[-6,-100],[141,-6],[90,49],[69,-38],[14,-51],[-58,-88],[13,-39],[89,-68],[-1,-37],[-33,-50],[0,-29],[15,-18],[40,4],[100,102],[25,13],[38,-12],[14,-48],[-15,-45],[-47,-8],[-73,-34],[-24,-20],[-7,-29],[25,-30],[145,-7],[19,-24],[68,-12],[44,-35],[11,-36],[-6,-47],[-18,-16],[-62,12],[-10,-35],[37,-32],[20,1],[11,18],[38,3],[38,-33],[-4,-22],[-31,-17],[-21,-31],[-2,-34],[40,-28],[125,-7],[52,-20],[42,-46],[-5,-72],[-16,-10],[9,-33],[31,5],[46,-20],[136,-87],[89,-11],[65,-67],[43,-15],[49,13],[24,41],[29,97],[-11,65],[23,22],[88,29],[95,-1],[132,-74],[194,-68],[97,13],[99,65],[87,-3],[45,36],[82,-21],[69,-55],[59,-3],[51,14],[29,72],[1,49],[-24,33],[-77,47],[-14,23],[13,32],[104,60],[190,-18],[97,32],[72,-2],[130,-74],[198,-38],[83,-88],[31,-24],[31,-6],[168,97],[156,206],[17,14],[41,6],[91,-52],[35,-44],[-24,-164],[11,-26],[36,-17],[72,-5],[58,29],[95,94],[34,18],[84,28],[140,13],[62,32],[69,128],[7,69],[35,41],[64,-1],[39,-30],[65,9],[59,42],[59,76],[40,80],[73,67],[85,131],[124,-22],[165,41],[39,38],[47,89],[97,22],[173,-18],[82,3],[54,-14],[41,-27],[164,43],[100,40],[61,5],[45,24],[164,-18],[165,-78],[71,-8],[61,-31],[190,-50],[77,-43],[81,-73],[9,-33],[-7,-62],[35,-94],[33,-34],[70,-36],[38,1],[148,69],[60,13],[169,-10],[215,16],[108,56],[91,123],[63,29],[21,30],[-9,46],[167,136],[49,59],[9,40],[123,45],[126,127],[32,60],[44,37],[24,129],[37,37],[210,145],[145,71],[27,29],[35,73],[89,64],[27,135],[36,68],[71,43],[108,96],[67,29],[104,4],[128,-57],[83,10],[202,-54],[112,7],[125,88],[333,131],[133,72],[137,27],[73,27],[90,57],[182,152],[82,-8],[34,16],[54,45],[37,76],[124,153],[29,21],[106,26],[90,5],[124,40],[42,-1],[39,-21],[77,6],[65,35],[32,68],[54,36],[132,28],[77,46],[98,12],[98,35],[248,48],[37,31],[69,28],[185,144],[77,89],[58,39],[50,-3],[66,-43],[168,28],[26,14],[44,95],[47,15],[184,15],[66,38],[63,93],[78,83],[127,70],[81,17],[167,2],[226,77],[224,4],[165,82],[159,113],[104,50],[101,98],[143,112],[118,135],[83,18],[63,-15],[48,9],[17,27],[3,69],[13,25],[73,68],[31,1],[16,21],[31,-2],[42,25],[-6,87],[16,14],[30,-4]],[[97766,78397],[-1,-2932],[2,-3934],[-1,-4676],[-1,-1890],[2,-4056]],[[97767,60909],[-32,12],[-136,-46],[-28,-34],[-113,-8],[-60,35],[-81,121],[-26,15],[-63,77],[-45,-21],[19,-95],[-4,-55],[-27,-44],[-40,-30],[-60,-11],[-43,22],[-63,68],[-103,166],[-81,17],[-29,-101],[-38,-23],[-48,-4],[-50,16],[-53,-13],[-31,-28],[-69,-145],[-42,-36],[-190,-33],[-36,23],[-19,135],[-25,33],[-63,5],[-62,-26],[-68,-104],[-51,-14],[-70,6],[-61,28],[-43,51],[-8,240],[-27,103],[-40,32],[-103,31],[-66,-9],[-37,-28],[-14,-27],[-3,-71],[38,-135],[-51,-83],[-54,-127],[-57,-74],[-39,-18],[-45,7],[-25,23],[-7,186],[-14,59],[-80,16],[-80,-13],[-49,-26],[-13,-41],[43,-108],[-18,-74],[-21,-69],[-40,-52],[-56,-6],[-56,23],[-49,38],[-104,105],[-146,42],[-120,77],[-116,101],[-33,61],[-24,-1],[-32,-34],[-4,-85],[42,-119],[4,-91],[-14,-29],[-52,-35],[-33,-9],[-62,17],[-49,48],[-54,87],[-52,38],[-49,13],[-188,29],[-62,-7],[-25,-28],[-14,-45],[-50,-32],[-80,21],[-70,-19],[-214,63],[-24,-2],[-34,-28],[18,-28],[83,-65],[21,-47],[1,-40],[-22,-30],[-45,-21],[-188,28],[-63,-2],[-126,-41],[-46,-23],[-20,-61],[-58,-86],[-114,-24],[-56,19],[-163,18],[-22,13],[-7,40],[15,69],[49,39],[66,125],[16,72],[-14,46],[-41,22],[-62,11],[-61,-8],[-36,-24],[-13,-40],[-4,-129],[-87,-94],[-77,-3],[-92,58],[-144,120],[-130,194],[-53,53],[-66,54],[-87,15],[-25,-21],[-9,-42],[74,-168],[-7,-132],[-94,-216],[-96,-101],[-49,6],[-33,56],[-2,51],[51,194],[-5,58],[-27,62],[-45,40],[-71,32],[-215,25],[-234,-51],[-19,-18],[17,-19],[142,31],[54,-2],[59,-33],[22,-105],[-53,-130],[-36,-31],[-207,42],[-52,-4],[-159,-28],[-118,-44],[-260,-48],[-113,14],[-99,34],[-49,-2],[-132,-33],[-55,-31],[-139,-188],[-28,-17],[-109,180],[-28,31],[-60,25],[-156,4],[-261,-114],[-140,13],[-131,43],[-175,130],[-47,78],[-90,263],[-35,41],[-63,44],[-103,12],[-19,-19],[-30,-137],[-24,-35],[-57,-28],[-83,18],[-126,75],[-110,13],[-91,-19],[-64,-43],[-27,-42],[-31,-75],[10,-68],[-10,-56],[41,-197],[19,-46],[79,-94],[55,-31],[17,-72],[-8,-53],[-60,-85],[-96,-21],[-77,13],[-39,21],[-150,135],[-40,93],[-86,98],[-20,63],[-102,40],[-84,-40],[-30,-38],[-8,-37],[14,-41],[46,-67],[-5,-72],[-58,-90],[-38,-19],[-93,-32],[-70,1],[-24,13],[-43,59],[-34,116],[-63,38],[-79,-4],[-143,-79],[-121,-33],[-78,-45],[-85,-122],[-52,-101],[-78,-86],[-78,-77],[-151,-88],[-48,0],[-119,79],[-103,44],[-75,-54],[-211,3],[-46,-28],[13,-37],[38,-41],[23,-66],[2,-91],[-16,-55],[-49,-67],[-41,-16],[-80,-8],[-104,11],[-124,28],[-109,83],[-135,18],[-28,-22],[24,-146],[-67,-26],[-200,10],[-53,-51],[-10,-50],[14,-31],[26,-16],[81,-17],[29,-22],[12,-33],[-26,-55],[-35,-18],[-187,19],[-29,-29],[-26,-80],[-23,-27],[-1,-55],[68,-117],[9,-137],[22,-35],[-11,-38],[-38,-33],[-42,-16],[-46,-6],[-30,18],[-1,40],[31,67],[-5,81],[-34,74],[-51,51],[-109,43],[-62,-8],[-116,-87],[-61,-27],[-39,-74],[-6,-45],[36,-125],[-8,-43],[-28,-37],[-44,-17],[-89,83],[-14,49],[-4,131],[-33,63],[-39,50],[-112,60],[-153,-10],[-77,-113],[-117,-219],[-110,-79],[-118,-39],[-118,26],[-98,60],[-149,60],[-63,60],[-3,100],[-68,66],[-100,29],[-96,-34],[-56,-41],[-191,-88],[-93,-98],[-92,-70],[-98,-6],[-82,-48],[-25,4],[-28,-48],[-41,-28],[-139,45],[-52,-35],[-35,-51],[-2,-28],[25,-40],[16,-81],[-35,-80],[-94,-61],[-89,8],[-58,-14],[-57,-51],[-22,-48],[-5,-112],[29,-26],[44,-6],[69,64],[42,0],[34,-23],[22,-43],[31,-161],[-17,-66],[-33,-28],[-35,4],[-146,119],[-32,12],[-58,-5],[-47,-35],[-27,-82],[5,-41],[73,-61],[-1,-26],[-16,-17],[-90,26],[-96,3],[-61,-69],[-197,-106],[-112,-103],[-46,-63],[-28,-8],[-18,18],[-14,51],[0,94],[-41,59],[-26,1],[-70,-74],[-74,9],[-52,-15],[-41,-20],[-17,-81],[-31,-27],[-58,-20],[-116,-145],[-102,-71],[-37,-43],[-28,5],[-17,26],[5,57],[-30,138],[-23,31],[-44,10],[-121,-53],[-26,-38],[-5,-33],[21,-29],[102,-37],[27,-36],[4,-60],[-26,-14],[-115,11],[-81,-53],[-55,-54],[-33,-12],[-39,6],[-37,23],[-8,32],[-4,71],[23,128],[-26,45],[-24,13],[-91,-27],[-52,-83],[-71,-17],[-58,-30],[-160,26],[6,38],[58,82],[-22,29],[-35,16],[-67,-127],[-24,-17],[-127,5],[-83,-63],[-160,-3],[-10,-15],[19,-54],[25,-9],[37,-8],[113,22],[63,-38],[18,-30],[7,-67],[-7,-56],[-19,-25],[-29,-16],[-24,3],[-71,72],[-72,25],[-68,0],[-61,-23],[-179,-148],[-55,-20],[-90,80],[-41,76],[-43,49],[-34,8],[-72,-7],[-42,-38],[8,-29],[48,-42],[10,-33],[-31,-85],[-30,-30],[-47,-20],[-134,-32],[-22,3],[-17,74],[36,46],[80,59],[17,28],[3,67],[-17,48],[-25,26],[-67,29],[-45,-4],[-110,-41],[-1,-265],[-5,-26],[-31,-30],[-38,-15],[-57,4],[-65,27],[-15,40],[84,84],[3,40],[-15,30],[-74,37],[-161,12],[-39,-9],[-44,-41],[12,-142],[-17,-51],[-63,-28],[-61,20],[-29,59],[3,57],[72,90],[17,75],[-17,90],[-57,132],[-28,16],[-125,-39],[-2,-26],[51,-155],[39,-81],[8,-52],[-18,-35],[-47,-33],[-76,8],[-18,31],[-1,79],[-15,39],[-41,43],[-48,3],[-51,-27],[-75,-18],[-118,17],[-53,-20],[-21,-31],[36,-126],[-23,-30],[-38,-13],[-55,18],[31,131],[-10,48],[-59,78],[-17,56],[-3,101],[-39,34],[-51,-8],[-58,-80],[-147,-54],[-33,-25],[-62,-88],[-53,-23],[-109,20],[-25,42],[-12,45],[51,84],[-28,107],[-37,-2],[-79,-73],[-169,-27],[-155,-140],[4,-44],[25,-40],[42,-24],[77,-20],[28,-42],[-18,-53],[-37,-28],[-109,-19],[-30,-52],[20,-126],[43,-89],[-4,-22],[-56,-81],[-61,-25],[-34,0],[-53,70],[-49,24],[-14,-3423],[-9,-2404]],[[74089,50055],[-102,9],[-151,50],[-84,94],[-104,9],[-52,40],[-74,8],[-118,-48],[-56,55],[-35,3],[-27,23],[-126,24],[-45,35],[-130,46],[-27,1],[-85,-44],[-30,30],[-24,-11],[-27,15],[-19,-24],[-31,11],[-28,-42],[-59,38],[-17,-18],[-94,-14],[-87,29],[-34,-7],[-52,10],[-61,19],[-51,34],[-44,-36],[-29,-6],[-10,-22],[-73,-11],[-48,10],[-46,-33],[-87,-27],[-272,-9],[-47,24],[-33,-18],[-35,30],[-63,-12],[-56,-40],[9,-35],[-44,-37],[2,-45],[-30,-14],[-102,-112],[-54,-86],[-68,-5],[-41,41],[-59,188],[-39,37],[-24,45],[-3,53],[33,61],[-8,34],[-26,22],[-136,9],[-43,37],[-35,-15],[-47,8],[-99,-8],[-203,-36],[-133,-103],[-51,-16],[-87,-8],[-25,50],[-34,20],[-29,87],[-3,15],[37,59],[-11,60],[-64,62],[-30,70],[-41,36],[-42,-3],[-94,19],[-26,-15],[-29,8],[-185,157],[-114,12],[-78,34],[-57,-4],[-156,-58],[-38,-4],[-39,13],[-13,12],[-3,90],[19,199],[-41,100],[-49,44],[-98,-1],[-71,-29],[-213,-41],[-123,-41],[-42,23],[-124,137],[-114,66],[-145,55],[-251,38],[-263,-16],[-98,13],[-56,19],[-88,87],[-81,58],[-66,24],[-95,-9],[-224,6],[-61,-37],[-122,-13],[-70,8],[-207,90],[-30,30],[-9,52],[-105,51],[-107,21],[-46,34],[-76,24],[-162,28],[-57,30],[-21,59],[8,173],[13,82],[44,90],[-16,103],[-78,102],[-3,40],[32,36],[10,78],[-21,128],[-35,129],[-148,350],[-132,166],[-16,148],[-48,213],[9,57],[45,94],[69,71],[38,149],[-66,233],[0,69],[3,103],[59,78],[41,107],[-20,107],[-35,55],[-38,32],[-269,-29],[-83,3],[-124,36],[-69,45],[-62,65],[-86,129],[-63,182],[-58,113],[3,23],[86,74],[4,36],[-52,26],[-145,-13],[-76,-39],[-38,-52],[-24,-68],[-76,-52],[-62,20],[-41,77],[38,237],[-4,52],[-41,55],[0,155],[62,208],[155,217],[72,197],[45,78],[76,49],[103,35],[59,46],[31,78],[3,226],[28,94],[83,136],[41,43],[-3,61],[-328,207],[-11,46],[21,116],[79,156],[118,123],[110,84],[124,178],[300,234],[121,129],[24,72],[-3,55],[-118,139],[-100,52],[-117,35],[-83,52],[-21,49],[38,81],[93,94],[49,100],[13,101],[-27,35],[-159,16],[-52,166],[-204,320],[10,165],[21,88],[-3,123],[-49,126],[-21,98],[-62,77],[-110,36],[-121,0],[-128,-52],[-376,-110],[-79,12],[-100,65],[-56,52],[-20,42],[-8,285],[-13,23],[-69,16],[-94,-20],[-82,-38],[-132,-88],[-6,-32],[-56,-20],[-93,-3],[-121,19],[-103,0],[-200,-39],[-390,-6]],[[64911,85475],[22,20],[28,-15],[28,-53],[1,-56],[26,-24],[33,2],[32,19],[18,134],[83,59],[36,-11],[29,-63],[17,12],[4,33],[23,11],[26,-34],[49,-9],[29,-27],[16,-44],[62,6],[26,-8],[20,19],[-3,91],[107,-46],[81,13],[18,49],[72,-25],[96,59],[7,50],[23,35],[40,28],[45,10],[11,54],[68,41],[90,-7],[99,46],[66,-12],[-5,-36],[-31,-3],[-10,-16],[110,-72],[23,-2],[10,39],[21,3],[12,-13],[1,-51],[23,-33],[22,-2],[33,36],[42,0],[19,14],[62,-17],[37,7],[14,-18],[-10,-40],[24,-30],[18,-3],[36,22],[28,-48],[17,30],[47,-16],[11,32],[24,7],[15,-17],[10,-58],[47,4],[42,17],[55,48],[48,-15],[37,8],[2,34],[24,30],[113,64],[120,16],[69,104],[179,128],[78,70],[38,42],[6,61],[89,48],[12,-84],[68,-22],[48,-86],[28,-107],[25,-11],[85,-1],[30,-22],[-5,-33],[-71,-88],[-2,-36],[30,-50],[137,-153],[33,-84],[-23,-77],[-86,-98],[-3,-68],[27,-71],[37,-43],[59,-38],[90,-18],[7,-26],[-45,-235],[-25,-25],[-82,-31],[-109,-103],[-13,-35],[6,-46],[-24,-71],[-52,-67],[57,-51],[79,-285],[55,-94],[67,-47],[132,-54],[95,5],[27,-10],[66,-52],[17,-47],[57,-32],[9,-60],[-44,-60],[14,-118],[-34,-117],[-42,-33],[12,-22],[-17,-31],[6,-60],[64,-85],[21,-12],[86,26],[83,109],[39,31],[99,22],[92,-2],[44,-24],[24,-29],[64,-140],[81,-56],[20,-55],[69,-32],[71,-86],[61,-5],[6,-15],[27,-8],[20,30],[40,5],[48,-31],[41,-79],[84,-25],[14,1],[22,43],[20,114],[32,49],[21,63],[4,73],[146,-25],[4,-261],[59,-99],[115,-123],[32,-13],[51,-57],[173,-19],[175,-129],[85,-3],[5,-22],[-27,-99],[9,-74],[117,31],[89,-8],[15,28],[65,32],[37,43],[8,64],[12,20],[17,-1],[6,47],[-11,12],[20,17],[7,47],[71,129],[69,13],[19,17],[111,11],[17,-17],[5,22],[36,24],[26,61],[97,55],[41,4],[102,-57],[38,-7],[63,114],[54,22],[15,39],[-38,91],[1,99],[-18,35],[17,61],[-52,106],[2,77],[-30,19],[-1,83],[20,48],[71,24],[100,-138],[86,104],[32,-24],[20,36],[72,62],[97,-3],[81,109],[107,35],[37,31],[101,-5],[84,77],[64,97],[41,-125],[53,-54],[48,-23],[-16,-154],[50,-217],[42,-70],[91,-85],[99,-29],[47,10],[65,35],[13,-8],[34,-173],[62,26],[57,47],[39,11],[61,-16],[19,-39],[-18,-105],[15,-36],[23,-6],[43,18],[93,-9],[85,-78],[97,60],[27,-34],[20,-58],[-30,-77],[41,-35],[71,-31],[74,-78],[131,-22],[191,-90],[188,-20],[87,-30],[27,-75],[-75,-103],[-18,-65],[2,-40],[37,-68],[14,-57],[-14,-109],[11,-81],[-63,-62],[-9,-32],[58,-19],[68,-63],[89,-53],[31,-2],[83,35],[156,-58],[50,-82],[70,-41],[31,-37],[15,-34],[-17,-36],[5,-27],[55,-87],[-3,-96],[31,-43],[14,-82],[41,-21],[32,0],[-61,-72],[-32,-64],[26,-97],[-4,-92],[52,-5],[40,-40],[44,-23],[-42,-101],[15,-30],[-5,-67],[49,-72],[56,-8],[140,11],[56,-55],[-60,-48],[-29,-42],[-5,-40],[-30,-49],[8,-90],[-38,-75],[31,-52],[16,-66],[47,-42],[11,-109],[29,-111],[-12,-22],[20,-48],[-22,-28],[-63,-16],[-101,-85],[-28,2],[-55,-25],[-37,1],[-99,-62],[14,-11],[-1,-97],[47,-39],[-15,-70],[28,-6],[43,-37],[7,-20],[25,-8],[-75,-50],[-44,-112],[-65,-87],[-42,-85],[-87,-50],[-22,-33],[-26,-106],[-6,-88],[44,-101],[14,-93],[28,-59],[123,-39],[39,-72],[5,-38],[283,61],[80,48],[80,25],[57,-7],[120,-89],[23,8],[41,57],[181,-87],[148,6],[65,-16],[74,-116],[8,-94],[17,-33],[80,-25],[35,-25],[28,-36],[14,-78],[78,-59],[-49,-121],[0,-60],[16,-35],[-2,10],[82,-32],[177,-40],[66,-31],[114,-82],[72,-82],[42,-163],[32,-27],[-26,-86],[31,-52],[136,-59],[51,-7],[125,130],[33,15],[185,-48],[123,12],[105,-38],[19,-32],[-2,-26],[-62,-83],[-55,-167],[91,-136],[25,-16],[34,-3],[102,21],[94,-53],[317,-90],[108,-60],[36,5],[96,63],[78,20],[53,38],[85,-79],[59,-8],[124,143],[14,41],[0,78],[62,40],[29,89],[49,73],[6,36],[-22,71],[47,103],[33,17],[74,-42],[81,8]],[[69639,70507],[51,91],[-15,57],[6,41],[73,120],[55,145],[-1,77],[-56,97],[-5,51],[20,62],[33,41],[46,32],[-76,54],[-10,78],[21,94],[186,83],[14,31],[-68,146],[44,125],[-17,80],[16,29],[-99,-2],[-32,41],[-24,66],[-74,74],[-18,42],[14,112],[-6,71],[-74,77],[-63,100],[-9,36],[218,415],[54,58],[60,30],[5,49],[76,101],[74,171],[23,166],[-52,59],[-112,72],[-4,13],[-8,143],[23,249],[38,108],[67,71],[137,66],[71,13],[22,22],[29,296],[-3,94],[115,2],[44,-21],[46,25],[54,6],[36,36],[22,118],[70,118],[14,49],[-3,69],[32,12],[103,2],[81,22],[13,159],[36,127],[30,57],[-17,42],[27,87],[-44,2],[-35,55],[-53,26],[-40,77],[-164,2],[14,74],[44,79],[10,61],[26,15],[48,-9],[65,13],[29,25],[37,72],[0,30],[-67,52],[-7,57],[-27,54],[51,184],[13,195],[-21,131],[-71,25],[-8,62],[19,85],[2,138],[27,32],[118,57],[3,22],[-50,41],[5,50],[-56,40],[-184,17],[-44,44],[-54,13],[-27,23],[-17,-21],[-38,7],[-26,20],[-24,-35],[-37,-1],[-6,-12],[-23,70],[-11,-45],[-15,44],[-15,-26],[6,-38],[-35,3],[-10,52],[-33,21],[-104,-42],[53,-52],[17,-33],[-25,-50],[-13,51],[-31,-12],[-5,-41],[40,-18],[-19,-16],[49,-22],[-83,-55],[16,-10],[-20,-6],[5,-26],[-28,-13],[38,2],[1,-9],[-59,-44],[-17,32],[-2,40],[-44,0],[-23,-38],[6,20],[-24,0],[-27,-72],[-33,-14],[-7,22],[23,4],[-21,4],[-16,-19],[-3,-17],[21,-14],[-26,8],[4,-31],[-26,-11],[22,2],[5,-10],[-27,-20],[30,7],[-24,-52],[21,-3],[-36,-41],[26,4],[-12,-47],[-43,-18],[9,-50],[-47,-4],[28,-54],[-14,22],[-30,6],[-4,-11],[16,0],[5,-17],[-45,-14],[-16,-44],[26,-28],[25,-3],[-18,-10],[20,-56],[-25,-22],[-12,36],[-46,-24],[-19,23],[-109,-46],[-18,-23],[-50,7],[-1,16],[-15,-1],[-19,-44],[-81,-42],[-27,-32],[14,-20],[1,-33],[-58,-20],[22,-20],[49,2],[-27,-35],[-2,-24],[19,-34],[25,-15],[-57,-50],[-10,-50],[28,-17],[18,-48],[86,-18],[-6,-16],[24,-20],[-36,4],[-8,-37],[-31,7],[-12,-29],[-38,8],[-74,-40],[-47,-49],[15,49],[-33,-7],[-57,28],[-21,-31],[-64,-39],[-4,-10],[22,-14],[-56,21],[14,-35],[-8,-10],[-68,-7],[-26,39],[-46,-11],[54,-35],[7,-17],[-27,-25],[15,-38],[-58,-6],[-11,-37],[28,-19],[-5,-14],[-14,-2],[18,-11],[-9,-10],[15,2],[3,-13],[12,6],[2,-17],[128,-141],[2,10],[188,-39],[35,-153],[11,3],[27,-28],[-41,-161],[3,-56],[17,-38],[-17,-114],[2,-76],[81,-15],[68,-62],[30,-57],[-6,-40],[-86,-208],[-88,-76],[-52,-65],[-20,-83],[-69,-147],[-1,-51],[-39,-25],[-35,-54],[-60,-135],[-22,-139],[-40,-37],[-13,-49],[6,-51],[-18,-81],[-10,-199],[51,-267],[-16,-194],[108,-143],[-12,-79],[21,-157],[-8,-9],[-47,5],[-79,-56],[-24,-80],[-38,-28],[-28,6],[-33,-48],[-36,-144],[-20,-33],[-53,16],[-11,-59],[38,-38],[-2,-145],[-36,-232],[11,-42],[-28,-103],[-19,-10],[7,-58],[-45,-115],[-34,-133],[-83,21],[-40,65],[-241,41],[-186,174],[-111,48],[-51,-163],[-52,-58],[-50,-120],[-41,-160],[-13,-133],[-23,-32],[-45,-28],[-56,-83],[-3,-55],[29,-181],[-112,-217],[114,-64],[50,-71],[10,-264],[-45,-222],[-47,-143],[-47,-65],[-23,-72],[-77,-74],[-27,-54],[-40,-40],[-39,-228],[-51,-128],[-79,-82],[-121,-187],[-73,-47],[-34,-38],[-21,-43],[-2,-73],[-110,-57],[-38,-48],[-12,-55],[6,-57],[88,-94]],[[66909,68155],[-93,-35],[16,22],[-32,7],[-22,21],[-14,38],[6,88],[-40,111],[10,139],[76,118],[38,128],[-33,65],[-67,57],[-196,68],[-302,-6],[-98,23],[-42,23],[-47,98],[-59,32]],[[66010,69152],[12,81],[28,34],[39,92],[7,54],[43,64],[0,125],[22,160],[82,77],[-13,34],[24,54],[7,137],[-11,23],[-92,57],[-35,10],[-40,68],[-17,206],[9,27],[27,24],[6,41],[20,28],[23,122],[-31,28],[-23,57],[15,104],[21,25],[11,46],[66,55],[12,75],[63,55],[22,50],[187,132],[28,84],[61,54],[14,39],[0,135],[-61,84],[11,61],[-29,72],[19,153],[-43,51],[-94,29],[-37,26],[1,60],[-58,30],[-13,45],[-24,25],[2,22],[-23,15],[1,109],[-65,140],[-125,51],[-76,50],[-20,27],[-13,61],[-30,6],[-20,24],[-96,54],[-39,9],[-108,-34],[-98,-10],[-74,-55],[-43,-4],[-168,-74],[-5,-95],[10,-32],[-28,-23],[1,-44],[-23,-38],[-21,-14],[-33,10],[-25,-8],[-32,-46],[-34,-22],[5,-41],[-65,-37],[-71,-68],[1,107],[-28,39],[-46,-4],[-11,-38],[-33,4],[-26,-21],[-51,-7],[-24,-41],[-22,-5],[-26,43],[-77,27],[-20,19],[-43,-12],[-32,13],[-18,19],[2,20],[32,18],[-63,43],[25,34],[-59,38],[-31,-6],[-6,25],[-27,-5],[-34,-30],[-13,48],[-18,-6],[-80,101],[-64,-49],[-25,5],[-23,-12],[13,60],[-41,52],[11,21],[-29,19],[-114,-42],[-12,-24],[-16,-2],[10,75],[-21,3],[-19,-15],[-12,11],[24,50],[-33,6],[-60,-17],[-26,7],[46,79],[2,52],[-25,29],[-156,33],[-102,-14],[-44,73],[-126,-82],[-48,-60],[-44,-21],[-189,-56],[-61,9],[-53,-27],[-69,-7],[-24,4],[-50,116],[-50,60],[-6,29],[71,88],[80,38],[9,33],[-9,10],[-45,-13],[-34,5],[-22,20],[15,52],[52,15],[36,53],[79,59],[86,25],[1,73],[32,106],[-19,96],[46,42],[56,29],[28,32],[22,160],[43,65],[2,30],[-20,30],[40,92],[-32,97],[16,89],[35,15],[89,-13],[35,7],[55,42],[46,86],[28,200],[55,131],[79,51],[1,19],[-44,45],[-66,126],[-47,34],[-15,32],[25,52],[4,46],[-55,52],[-9,63],[37,59],[2,36],[-7,14],[-64,30],[-19,42],[-2,34],[34,34],[47,8],[85,-20],[26,10],[0,22],[-47,70],[-142,58],[-22,51],[34,52],[66,36],[55,52],[8,89],[33,33],[79,34],[1,53],[-27,51],[-38,30],[-106,36],[-27,23],[-3,66],[52,101],[1,122],[-124,92],[-26,47],[-5,37],[49,103],[20,18],[65,19],[98,57],[108,11],[68,25],[11,24],[-30,21],[-2,30],[57,104],[97,67],[99,31],[55,52],[-4,119],[-19,76],[18,46],[-9,63],[-32,29],[-124,42],[-49,41],[-10,26],[4,31],[110,95],[32,63],[10,87],[-26,64],[8,49],[45,10],[103,-45],[55,84],[-5,48],[-12,17],[-48,14],[-12,50],[4,21],[51,59],[10,134],[-25,42],[-114,87],[-20,28],[0,27],[40,85],[120,112],[39,6],[143,-32],[37,29],[18,32],[-7,30],[-75,63],[-95,51],[-89,6],[-26,13],[-29,25],[-10,32],[5,50],[46,111],[45,53],[40,87],[13,118],[-28,92],[6,68],[62,111],[55,48],[-24,218],[-26,36],[-68,41],[-12,147],[3,46],[79,84],[37,58],[29,104],[0,82],[-55,90],[-104,24],[-22,32],[13,39],[38,33],[-23,63],[12,94],[59,53],[-33,142],[2,110],[-30,98],[-33,58]],[[66010,69152],[20,-100],[19,-20],[-16,-106],[-8,-21],[-45,-18],[-18,-24],[-12,-160],[-77,-79],[9,-34],[-23,-45],[-8,-51],[-85,-81],[-74,-48],[-28,-56],[-68,-32],[-14,-67],[-60,-81],[-109,-36],[-37,-40],[-54,-34],[-92,-116],[-49,2],[-32,-54],[-130,-71],[-48,-16],[-27,9],[-50,-48],[-10,-38],[-46,-2],[-63,-22],[-37,-72],[-82,-79],[-47,-78],[-60,-48],[-19,-187],[-75,-50],[-30,-3],[-44,31],[-34,-15],[-68,-103],[-95,-91],[-1,-59],[36,-63],[14,-70],[68,-43],[-17,-70],[-43,-54],[-18,-57],[-45,-67],[-54,-36],[-41,-6],[-60,31],[-45,2],[-62,-18],[-44,-36],[-90,-227],[16,-163],[26,-74],[27,-39],[83,-65],[30,-46],[2,-34],[-25,-66],[-44,-40],[-283,-172],[-124,-91],[-24,-46],[18,-84],[-69,-13],[-28,-28],[-21,-80],[-63,-95],[-43,-52],[-66,-47],[-26,-118],[-66,-31],[-30,-31],[-29,-6],[-20,-34],[-74,-31],[-124,-139],[-194,-169],[-69,-6],[-126,-52],[-67,10],[-71,-28],[-101,-10],[-49,14],[-47,-5],[-62,25],[-110,3],[-47,-12],[-42,-38],[-62,-14],[-26,7],[-19,29],[-81,58],[-81,4],[-125,-14],[-147,9],[-180,72],[-13,31],[15,26],[70,69],[54,32],[-5,82],[24,82],[-42,206],[32,95],[-5,105],[46,37],[114,-20],[49,6],[17,18],[-2,42],[-34,37],[21,50],[-16,30],[-52,30],[-2,84],[32,67],[-5,18],[-32,13],[-159,23],[-54,-10],[-258,1],[-195,16],[-44,-1],[-22,-18],[-41,-7],[-146,50],[-35,0],[-31,-24],[-16,-29],[4,-40],[24,-14],[5,-18],[-41,-26],[-34,-55],[-58,-7],[-73,13],[-41,-25],[-7,-36],[29,-58],[-1,-61],[12,-33],[-28,-18],[-45,-4],[-32,-25],[-130,22],[-16,17],[-6,53],[45,27],[-52,58],[15,52],[-39,18],[-68,-14],[-3,27],[-26,13],[-53,-15],[-74,23],[-122,-86],[-7,-35],[-31,-45],[4,-101],[-53,-65],[5,-58],[-22,-21],[-26,8],[-5,48],[-38,43],[-155,48],[-45,40],[-73,26],[-114,63],[-40,45],[-36,70],[-82,62],[-34,-64],[1,-60],[-91,-48],[-53,17],[-41,41],[-90,-21],[-54,45],[-50,-1],[-32,-16],[-19,-31],[-29,-120],[-37,-71],[-5,-64],[-147,34],[-142,-68],[-53,25],[-15,-70],[-69,-50],[-27,-43],[-132,-55],[-13,64],[-25,18],[-150,-17],[-87,52],[-60,2],[-74,-108],[-11,-80],[19,-73],[-21,-30],[-94,-40],[-137,46],[-40,-13],[-80,-55],[-5,-21],[47,-55],[2,-82],[-60,-59],[-24,-64],[-36,-47],[-42,-24],[-48,-58],[-36,-99],[3,-28],[-56,-7],[-50,-68],[-83,-61],[-79,-148],[3,-27],[31,-12],[4,-13],[1,-63],[-25,-32],[-1,-24],[28,-25],[-48,-47],[11,-55],[-13,-33],[-62,-69],[21,-68],[-54,-113],[39,-62],[65,-39],[1,-16],[-48,-56],[-21,-120],[-57,-51],[-69,-2],[-30,-14],[-40,-98],[-149,-232],[47,-119],[82,-29],[69,-55],[8,-26],[-19,-18],[-3,-64],[-69,-39],[-10,-52],[-57,-64],[-47,-104],[-47,-1],[-34,-78],[-31,-40],[-22,-7],[-98,18],[-97,-64],[-64,-9],[-180,13],[-88,46],[8,-40],[-35,-42],[-20,-85],[-32,-44],[-73,-49],[-105,-22],[-23,-40],[-38,-2],[-37,-37],[-29,17],[-83,-12],[-28,-46],[-30,-7],[-24,-24],[-56,-11],[-12,-38],[-35,-39],[-1,-56],[-17,-25],[31,-56],[-19,-26],[-58,-16],[-50,3],[-33,-25],[-17,-44],[-61,-32],[-11,-33],[-74,-81],[-41,-23],[-128,-10],[-70,-104],[-85,8],[-97,-22],[-111,7],[-66,54],[-50,-1],[-60,78],[-47,18],[-30,77],[-150,-19],[-18,26],[-43,23],[-11,73],[-157,36],[-9,68],[-59,3],[-42,-19],[-64,16],[-35,-42],[-48,3],[-30,54],[16,54],[-20,21],[0,24],[-50,10],[-19,33],[1,34],[-67,13],[-85,84],[11,40],[-24,48],[1,57],[-54,85],[-216,-33],[-13,-16],[-79,-29],[-32,-39],[4,-107],[-35,-49],[-1,-83]],[[52344,61411],[-17,-2],[-29,36],[18,74],[-9,73],[44,186],[75,93],[-19,76],[-17,17],[-74,24],[-28,45],[-60,25],[29,76],[-53,73],[-14,79],[-109,6],[-36,20],[-56,6],[-56,31],[-3,25],[25,34],[13,78],[-18,27],[-18,76],[-60,70],[-8,33],[-96,56],[-53,5],[-55,-13],[-43,70],[5,21],[27,18],[110,32],[38,23],[42,-2],[75,36],[25,37],[-24,75],[30,70],[-56,86],[-61,27],[6,29],[41,43],[6,35],[-33,56],[-65,24],[-17,23],[0,71],[17,41],[-9,58],[12,26],[47,26],[85,-25],[52,-32],[87,47],[66,115],[-29,65]],[[52094,63835],[-19,46],[5,24],[102,115],[65,32],[4,13],[-10,47],[-61,74],[-5,60],[-24,73],[30,60],[29,24],[44,97],[-49,147],[-85,68],[-8,152],[-32,38],[-12,42],[26,38],[71,57],[11,80],[125,58],[31,38],[0,51],[-78,20],[-35,31],[3,94],[39,100],[-30,76],[-2,71],[34,47],[10,66],[67,36],[27,55],[-1,37],[43,110],[-36,62],[9,63],[68,73],[28,62],[105,74],[18,105],[25,25],[38,113],[68,80],[17,45],[-37,130],[29,47],[7,62],[-51,75],[-28,89],[11,37],[41,35],[6,57],[-47,85],[-10,45],[28,35],[84,8],[34,16],[28,109],[61,49],[89,16],[62,79],[-46,127],[-30,45],[-6,100],[51,67],[54,8],[20,16],[16,19],[13,84],[53,51],[158,56],[42,79],[8,77],[46,117],[37,72],[42,44],[2,88],[81,60],[11,22],[-10,38],[164,96],[71,90],[34,109],[69,64],[-8,38],[-39,50],[-4,103],[21,47],[156,145],[21,51],[34,34],[23,1],[49,-30],[60,11],[105,166],[28,63],[-18,59],[35,115],[37,49],[45,28],[37,70],[7,76],[-41,109],[38,146],[43,11],[84,-23],[23,14],[54,98],[77,49],[66,63],[142,179],[-10,36],[-62,41],[-48,52],[-14,71]],[[54877,71139],[22,36],[-1,43],[34,73],[32,29],[99,39],[-6,86],[20,13],[45,-16],[71,4],[-2,71],[32,43],[90,11],[29,39],[52,4],[31,28],[10,56],[-11,83],[17,77],[29,58],[45,29],[73,85],[47,29],[41,86],[37,35],[27,7],[32,37],[13,80],[-53,32],[14,68],[43,36],[143,19],[71,105],[9,90],[59,39],[32,93],[28,25],[81,6],[69,27],[28,28],[-2,37],[-47,25],[-18,26],[10,69],[23,40],[45,22],[-15,16],[-4,52],[26,39],[-5,42],[12,19],[-24,16],[-27,75],[20,13],[29,80],[30,24],[-23,39],[-10,63],[32,24],[29,70],[-4,28],[-19,18],[73,86],[1,59],[35,105],[-14,50],[12,44],[-8,39],[-31,20],[-1,23],[7,22],[43,34],[10,40],[8,59],[-17,74],[64,30],[16,40],[92,92],[36,2],[78,63],[106,123],[95,9],[6,53],[-28,121],[49,102],[-11,62],[6,75],[32,30],[6,30],[33,42],[87,30],[45,40],[74,38],[35,34],[4,34],[32,45],[85,35],[43,31],[21,83],[169,37],[168,-4],[9,30],[24,24],[61,11],[51,122],[-19,120],[-50,150],[47,96],[79,82],[53,82],[55,55],[81,43],[39,39],[-3,55],[-33,62]],[[58222,76612],[17,47],[79,68],[-53,55],[-16,65],[-22,28],[-1,33],[61,79],[12,38],[-6,86],[32,114],[-4,87],[22,51]],[[53829,83222],[-35,37],[-119,-74],[-68,4],[-128,-34],[-21,50],[-65,20],[-75,50],[-31,60],[-42,39],[9,24],[-56,11],[-160,-7],[-57,-33],[-35,57],[-53,4],[-128,59],[-43,78],[-14,62],[-86,50],[-30,95],[-2,65],[-47,23],[-14,44]],[[52529,83906],[24,66],[-1,43],[-9,50],[-42,49],[9,18],[79,54],[-44,101],[24,46],[-4,34],[-45,34],[-12,40],[-98,44],[-35,60],[-90,75],[-72,19],[-95,67],[-116,48],[1,43],[-47,23],[-37,46],[-57,24],[-47,48],[23,70],[41,64],[6,52],[82,92],[10,32],[-15,160],[18,60],[26,30],[-10,35],[-127,76],[4,17],[45,33],[41,67],[-121,88],[-59,82],[-56,128],[-19,87],[-1,142],[6,73],[119,205],[63,310],[78,178],[19,114],[-23,89],[36,194],[-36,24],[-8,33],[-81,37],[-51,-14],[-19,29],[-9,79],[-34,23],[-46,63],[-5,42],[-37,-2],[-24,32],[-37,-2],[-26,23],[-98,-11],[-14,-16],[-5,-48],[-40,-44],[-28,-62],[-82,-3],[-32,-15],[-49,20],[-50,39],[-38,-8],[-56,29],[-27,59],[-40,30],[23,80],[-21,29],[-1,66],[-20,49],[-71,34],[-44,58],[-12,45],[-30,34],[-47,143],[-5,151],[12,56],[-52,140],[-13,111],[24,64],[-47,53],[48,83],[-4,30],[-22,24],[-84,36],[-111,184],[-9,48],[-125,129],[-82,-49],[-60,3],[-46,40],[-16,1],[-112,-75],[-26,-33],[-67,-28],[-22,4],[-77,57],[-138,-5],[-70,19],[-83,5],[-59,-55],[-55,8],[-114,-8],[-90,-26],[-152,18],[-253,-83],[-31,-46],[-5,-67],[-54,-46],[-45,-11],[-101,7],[-64,26],[-104,-9],[-128,59],[-50,10],[-60,-39],[-12,-89],[-55,4],[-56,54],[-84,46],[-96,1],[-103,52],[-64,-20],[-59,0],[-25,11],[-129,-6],[-94,17],[-103,54],[-83,6],[-22,17],[8,27],[-17,9],[-45,-44],[-22,8],[-64,-19],[-12,32],[-22,14],[-167,-60],[-50,-23],[-51,-66],[-82,-2],[-40,-56],[-103,43],[-75,-22],[-30,9],[-18,-17],[-33,38],[-10,-31],[-38,23],[-61,-17],[28,-19],[-25,-19],[-10,-35],[-21,-10],[-18,7],[-4,31],[-44,-24],[-91,51],[-126,27],[-22,77],[47,63],[8,32],[-57,45],[-11,32],[34,143],[-60,30],[-24,32],[31,96],[-13,9],[-72,-2],[-102,48],[-67,38],[-53,54],[-14,61],[33,61],[54,55],[1,42],[-30,36],[-27,10],[-153,-2],[-45,8],[-35,25],[-26,34],[-11,41],[24,99],[-61,83],[-8,30],[5,25],[21,17],[82,20],[-10,38],[-99,50],[-4,39],[16,54],[45,41],[83,28],[27,36],[-7,41],[-20,22],[-99,31],[-5,49],[15,20],[21,4],[96,-16],[31,8],[19,24],[7,51],[-8,27],[-30,27],[-217,121],[-20,52],[2,43],[62,32],[132,-32],[65,11],[28,38],[13,55],[-15,38],[-52,15],[-28,-5],[-81,-51],[-85,6],[-38,36],[-1,58],[25,62],[76,54],[28,144],[20,8],[22,-14],[14,-71],[41,-11],[18,9],[17,37],[-4,64],[-103,104],[-121,49],[-69,100],[-33,-2],[-24,-17],[-97,-153],[-38,2],[-32,196],[36,84],[-2,38],[-15,13],[-38,-2],[-95,-55],[-29,2],[-23,20],[-42,96],[-17,124],[-41,115],[-81,72],[-37,14],[-102,-39],[-55,-54],[-40,11],[-54,52],[-48,85],[-13,62],[21,72],[64,101],[35,29],[40,13],[129,-11],[38,8],[40,51],[8,32],[-10,33],[-22,20],[-76,36],[-76,2],[-177,-40],[-58,8],[-52,35],[-22,76],[11,37],[98,90],[33,48],[-1,48],[-27,44],[-37,14],[-29,-4],[-52,-38],[-36,-45],[-26,-89],[-27,-16],[-52,-2],[-53,17],[-26,32],[-28,255],[-18,-3],[-40,-54],[-46,-31],[-49,0],[-40,19],[-28,42],[10,47],[33,22],[65,9],[44,44],[50,89],[56,17],[22,26],[-35,78],[-27,21],[-53,14],[-75,-13],[-39,20],[-32,83],[-43,53],[-2,52],[39,114],[-17,170],[57,106],[-13,18],[-75,1],[-36,19],[-13,76],[19,52],[20,14],[108,20],[232,-21],[57,156],[61,102],[29,17],[1,-33],[27,10],[91,-59],[21,6],[-4,-20],[22,-7],[71,38],[43,69],[48,20],[27,27],[32,-10],[64,-52],[46,-3],[24,23],[53,-12],[20,-21],[19,-64],[23,-23],[87,-3],[93,44],[79,-22],[14,25],[-11,64],[-49,44],[-66,29],[6,34],[24,13],[129,-5],[78,31],[68,-10],[63,55],[1,28],[-35,28],[5,11],[41,3],[21,30],[-2,93],[-38,30],[-3,48],[-39,49],[-25,169],[25,80],[-27,51],[-9,74],[-51,-5],[-19,14],[-13,17],[-11,83],[-24,17],[-46,-2],[-60,-69],[-35,0],[-2,25],[61,62],[30,86],[-11,12],[-33,-1],[-54,-38],[-9,12],[20,52],[-35,81],[-54,-18],[-42,8],[74,96],[90,53],[1084,166],[95,-17],[116,1],[69,42],[48,-44],[141,-50],[44,-59],[51,-14],[42,39],[42,13],[190,13],[53,-31],[53,-102],[65,94],[26,6],[32,-32],[13,-82],[35,-54],[11,-81],[65,-36],[44,-4],[70,78],[52,26],[103,104],[8,43],[-13,68],[36,49],[16,68],[-11,105],[23,49],[-21,55],[37,12],[21,32],[-40,45],[46,82],[54,67],[-1,115],[10,21],[78,10],[9,16],[-20,52],[56,37],[50,89],[23,150],[89,-18],[44,-72],[57,3],[41,40],[-77,97],[-106,41],[-24,44],[0,53],[19,31],[-7,31],[26,27],[-54,24],[-14,29],[36,162],[-31,46],[-48,31],[-2,62],[-31,23],[7,70],[-45,56],[-34,112],[-72,129],[-20,0],[-9,-14],[-83,22],[-167,133],[-34,61],[-19,75],[-43,66],[-31,25],[-24,4],[-27,-21],[-27,-3],[-182,94],[18,41],[-65,-22],[-44,39],[-37,6],[-43,55],[-26,1],[-50,-26],[-51,4],[-33,20],[-15,35],[-476,299],[-203,45],[-112,156],[-466,549],[-206,224],[-155,235],[-73,25],[16,64],[-35,63],[-389,237],[-659,550],[-75,12],[-69,43],[-130,39],[-124,65],[-23,34],[-16,68],[-48,76],[-180,133],[-83,78],[-45,105],[-47,71],[-33,37],[-144,96],[-74,159],[-110,168],[-356,237],[-13,38],[-52,19],[-21,22],[-39,317],[7,46],[33,17],[49,-9],[133,-70],[72,6],[33,24],[101,155],[40,22],[121,11],[45,24],[79,106],[168,137],[30,54],[41,161],[79,162],[15,60],[-6,66],[-60,51],[-10,40],[20,10],[110,6],[31,13],[32,36],[1,32],[-42,73],[-13,69],[8,84],[101,310],[57,63],[160,9],[57,18],[90,67],[62,214],[-94,96],[-56,-31],[-15,30],[10,63],[-22,46],[4,36],[-119,37],[-60,55],[35,127],[13,37],[21,16],[14,48],[83,4],[30,-48],[2,-44],[37,-44],[29,0],[19,27],[9,212],[40,221],[-39,74],[-113,117],[-109,319],[2,156],[-16,55]],[[43623,106910],[36,14],[124,0],[113,-28],[69,-39],[-22,-32],[14,25],[-23,2],[-34,31],[-38,-75],[-7,-53],[-13,-10],[-19,32],[-45,-10],[-10,58],[-38,-10],[12,-83],[-26,-16],[42,-49],[3,-26],[-14,-47],[9,-91],[-10,-12],[18,-7],[52,-151],[20,-25],[44,-18],[50,16],[34,-35],[34,14],[45,70],[-6,48],[13,17],[-38,16],[-41,84],[121,-65],[6,-24],[19,33],[-16,42],[24,-15],[0,-29],[-100,-162],[-33,-30],[12,-12],[55,14],[47,-15],[49,21],[50,2],[50,-18],[-1,-13],[-25,14],[-37,-19],[-55,2],[25,-44],[-34,2],[-34,23],[-8,-13],[-19,5],[-5,-23],[-16,-5],[43,-28],[-3,-21],[23,-16],[-25,2],[-1,-16],[-30,-24],[-20,13],[0,50],[-20,-4],[-37,17],[-17,-7],[4,-46],[-24,18],[17,-74],[-62,-87],[7,-93],[-25,-23],[0,-46],[52,-60],[43,-16],[40,-40],[9,-22],[-22,1],[26,-19],[-1,-41],[-40,-8],[20,-16],[24,6],[3,-32],[40,-49],[51,-3],[188,85],[35,4],[53,73],[75,48],[-1,51],[-21,62],[-35,23],[7,8],[92,-24],[112,9],[35,16],[233,33],[70,30],[-14,-27],[12,-29],[96,38],[139,-62],[15,-16],[-17,-4],[-35,32],[-49,6],[-123,-55],[-33,8],[-31,-34],[-39,11],[-58,-30],[-38,6],[-8,-53],[-31,-24],[32,-22],[-7,-44],[14,-8],[-18,-104],[17,1],[37,-30],[107,8],[19,19],[-14,24],[12,5],[57,-17],[-2,-20],[-16,-33],[-44,-37],[-43,-1],[-28,-36],[-131,-20],[-13,-18],[-57,8],[-11,-20],[-31,-3],[-21,-22],[-3,-19],[30,-12],[13,8],[30,-48],[108,5],[5,-14],[38,3],[85,-19],[86,-81],[0,-14],[-13,-1],[7,16],[-34,22],[-9,-23],[27,-21],[-22,-5],[-6,-21],[-16,0],[-15,53],[-23,12],[9,-27],[-19,-2],[-35,27],[15,2],[-4,10],[-68,45],[-172,-17],[-40,-27],[14,-29],[19,-10],[17,-8],[36,16],[8,-32],[36,-15],[26,4],[-2,-30],[-23,1],[-7,-23],[24,-24],[102,-22],[7,-8],[-25,-12],[17,2],[9,-21],[49,-9],[21,-29],[-19,-37],[-36,1],[-62,39],[-39,-1],[-62,-21],[6,31],[-30,17],[-45,-36],[-25,-6],[-16,93],[-58,87],[-96,30],[-89,-2],[-80,-29],[-39,-29],[-23,-45],[-4,-53],[-25,9],[-33,-12],[-25,-109],[24,-18],[-31,-48],[27,-19],[36,-57],[-65,-70],[-14,-71],[6,-147],[-37,-178],[15,-91],[75,-125],[83,-45],[289,-65],[136,-13],[44,-30],[48,30],[240,-10],[333,16],[199,36],[183,64],[46,37],[15,71],[-5,23],[-49,49],[26,17],[22,-13],[19,5],[45,31],[13,23],[-13,53],[-38,47],[-2,54],[128,91],[40,71],[-40,137],[-41,17],[-7,14],[-2,112],[-12,35],[85,74],[37,88],[24,0],[24,27],[34,189],[-48,67],[-29,105],[-36,37],[-23,-6],[-27,27],[42,18],[-45,-12],[-24,7],[-4,-33],[33,-136],[-23,2],[12,-14],[-40,-23],[-5,-18],[-37,1],[10,216],[29,82],[-12,105],[-34,40],[-5,26],[-11,-2],[-2,-26],[-41,17],[24,-55],[16,-6],[-15,-16],[0,-22],[26,-17],[-1,-27],[-23,20],[-29,70],[-36,36],[-2,55],[64,64],[30,57],[53,243],[-9,54],[-41,82],[-12,70],[-28,51],[0,71],[-23,104],[-34,32],[8,59],[-17,120],[-32,51],[-10,54],[-28,23],[-57,17],[-41,65],[0,35],[42,93],[19,1],[-9,14],[73,164],[62,221],[-7,143],[-52,58],[-4,32],[28,268],[-19,107],[-77,144],[-50,44],[-21,11],[-116,1],[-8,47],[-51,77],[-21,135],[-87,180],[-61,90],[-118,118],[-168,102],[-245,87],[-214,61],[-88,50],[-76,22],[-42,35],[0,21],[-24,28],[-40,-18],[-74,18],[-3,-33],[34,-56],[21,-21],[60,-20],[-54,-21],[-33,15],[-47,58],[-35,85],[-1,57],[33,41],[290,199],[95,95],[57,92],[-9,68],[11,87],[17,22],[332,13],[665,93],[180,39],[142,49],[17,-6],[30,16],[461,95],[330,121],[38,29],[59,93],[38,33],[10,73],[-48,111],[58,37],[42,57],[-1,47],[-20,35],[185,46],[14,30],[232,55],[233,76],[246,115],[147,98],[41,195],[211,112],[78,87],[459,227],[74,60],[63,105],[-13,127],[14,23]],[[48819,112346],[266,-846],[-12,-35],[-30,-26],[-56,-19],[-37,-64],[-151,-137],[-6,-24],[39,-64],[42,-14],[72,0],[312,-237],[91,-200],[23,-131],[41,-94],[15,-98],[17,-49],[36,-49],[30,4],[77,54],[106,34],[80,-9],[68,-29],[69,5],[102,-36],[83,-79],[32,-11],[31,-30],[21,-48],[-10,-70],[24,-31],[82,-55],[22,-90],[-2,-128],[27,-52],[65,-59],[181,7],[2,-44],[-62,-49],[-46,-58],[-2,-86],[21,-59],[131,-195],[43,-133],[27,-308],[-19,-210],[10,-37],[164,-233],[30,-69],[-9,-67],[-30,-23],[-179,-71],[-194,-118],[-153,-58],[-189,-141],[-103,-110],[-131,-94],[-37,-45],[-24,-63],[-4,-136],[-43,-50],[-71,-33],[-33,-51],[-102,-371],[-5,-71],[-40,-110],[-52,-40],[-9,-95],[17,-84],[-30,-104],[-137,-60],[-52,-51],[-104,-228],[-25,-175],[-40,-108],[-52,-70],[-136,-64],[-35,-30],[-70,-101],[-61,-312],[-40,-88],[1,-58],[113,-178],[-18,-90],[12,-284],[-41,-362],[-161,-129],[-138,-233],[-67,-26],[-61,-74],[-28,-99],[-77,-114],[16,-122],[-62,-334],[16,-70],[-4,-46],[-28,-68],[-100,-55],[-6,-73],[48,-99],[20,-86],[-12,-161],[16,-138],[-8,-221],[-81,-129],[-62,-139],[-48,-379],[68,-201],[41,-78],[81,-80],[46,-74],[188,-144],[23,-69],[47,-28],[52,-129],[181,-249],[15,-91],[80,-128],[169,-218],[165,-152],[3831,-300],[1150,51],[55,70],[-17,137],[32,90],[118,164],[-4,30],[-57,80],[3,39],[42,61],[122,44],[63,-1],[120,106],[9,154],[52,83],[49,116],[-9,24],[-47,44],[-18,48],[12,23],[113,79],[25,39],[-30,103],[-7,119],[20,78],[78,74],[14,91],[-10,126],[24,51],[106,27],[37,29],[17,-6],[275,-250],[153,-12],[108,37],[64,93],[21,14],[114,-34],[108,-57],[152,-55],[212,-1],[67,17],[9,96],[-12,58],[34,22],[151,34],[86,101],[28,67],[-17,47],[6,75],[88,125],[17,84],[-7,90],[34,161],[51,58],[82,31],[83,28],[176,31],[32,16],[2,14],[125,13],[7,28],[40,41],[94,149],[-11,77],[11,66],[71,123],[93,108],[39,318],[49,92],[253,57],[82,-43],[19,12],[33,83],[130,112],[115,77],[123,26],[118,45],[76,59],[32,39],[67,184],[35,344],[48,0],[83,-43],[51,5],[69,72],[47,27],[7,25],[63,36],[38,44],[24,63],[75,38],[51,99],[134,40],[138,153],[61,113],[16,104],[84,137],[38,31],[127,26],[170,-98],[77,-15],[159,-5],[100,51],[137,-18],[213,-5],[216,35],[123,-15],[74,-27],[241,3],[47,36],[91,34],[72,49],[153,57],[264,164],[88,20],[154,-123],[182,-45],[66,50],[51,104],[56,73],[111,74],[57,60],[18,54],[112,141],[-6,71],[66,225],[-25,107],[4,98],[35,16],[429,-5]],[[63391,106434],[46,-57],[35,-19],[21,-60],[5,-68],[-36,-62],[36,-103],[-22,-40],[1,-24],[33,-43],[110,-38],[100,-3],[22,-54],[55,-21],[62,-72],[25,-2],[69,29],[41,34],[60,-25],[35,6],[22,-27],[109,-57],[86,2],[44,-139],[271,-100],[79,-47],[167,-205],[72,-49],[61,-16],[25,24],[32,9],[81,-6],[30,-29],[52,-110],[34,-32],[61,-32],[111,47],[-4,-40],[56,-67],[-1,-55],[48,-64],[16,-51],[69,-37],[45,-48],[8,-68],[24,-14],[-5,-32],[14,-47],[41,-29],[80,-27],[12,-68],[37,-38],[44,-6],[30,-61],[78,-16],[20,-102],[-7,-152],[31,-48],[25,5],[39,-22],[55,-52],[-18,-190],[13,-137],[-9,-36],[-22,-14],[0,-46],[-23,-21],[0,-30],[15,-108],[77,-161],[3,-150],[-19,-35],[-44,-27],[-9,-91],[34,-10],[51,22],[12,-7],[10,-121],[85,-128],[325,-153],[63,-52],[0,-47],[-139,-140],[4,-37],[-44,-112],[5,-61],[-23,-84],[-74,-93],[-54,-22],[-176,29],[-185,6],[-48,-12],[-26,-60],[-68,-48],[-72,-21],[-23,-21],[-30,-78],[-13,-120],[4,-34],[26,-43],[4,-47],[-41,-109],[10,-89],[-26,-22],[-11,-34],[3,-202],[30,-94],[-2,-44],[-26,-39],[15,-131],[-50,-31],[-118,-3],[-33,-26],[1,-50],[-25,-52],[1,-73],[39,-40],[3,-29],[-88,-90],[-3,-96],[21,-46],[39,-26],[20,-36],[62,-12],[-7,-29],[-19,-13],[6,-39],[94,-48],[104,9],[22,-39],[4,-83],[23,-34],[95,-30],[45,-64],[83,-29],[57,-85],[114,-53],[44,-65],[50,-134],[73,-115],[14,-18],[58,-19],[197,30],[16,94],[34,31],[68,28],[10,47],[68,86],[67,12],[147,-17],[44,22],[54,74],[7,56],[-42,123],[38,234],[-18,18],[-71,2],[-4,15],[64,87],[26,68],[125,0],[36,22],[54,3],[27,19],[41,59],[62,16],[25,33],[13,-28],[-21,-52],[4,-19],[62,-40],[15,-27],[-11,-84],[9,-30],[41,-24],[11,-37],[48,-53],[46,-17],[59,-43],[24,-72],[-9,-31],[-37,-16],[-38,-76],[-68,-29],[-48,-43],[-3,-52],[-104,-106],[-15,-81],[-17,-16],[-109,-31],[-31,-67],[-57,-45],[-8,-45],[-23,-32],[-11,-76],[11,-133],[14,-29],[42,-22],[15,-62],[46,-3],[16,-31],[-23,-106],[12,-76],[-23,-54],[4,-53],[-59,-73],[-36,-174],[-44,-53],[1,-46],[-28,-55],[31,-65],[-47,-62],[19,-90],[16,-17],[47,-8],[38,-127],[45,-9],[16,-18],[14,-52],[26,-30],[36,-103],[40,-68],[10,-77],[65,-68],[2,-31],[-21,-33],[18,-34],[-18,-26],[19,-33],[-28,-18],[4,-46],[41,-48],[27,-14],[10,-46],[31,24],[33,4],[39,-58],[-4,-139],[20,-91],[-26,-191],[-14,-31],[15,-36],[-15,-44],[-2,-80],[48,17],[150,-1],[40,-12],[18,41],[38,19],[-4,8],[28,-1],[60,-98],[56,-18],[-17,-27],[33,-22],[30,25],[64,19],[33,-2],[42,-23],[33,60],[77,30],[120,-30],[46,-43],[42,3],[38,-14],[36,12],[3036,2514]],[[71753,98716],[-32,-92],[-43,-45],[-26,-92],[-1,-127],[23,-112],[-23,-256],[-125,-255],[-6,-81],[108,-191],[20,-239],[40,-121],[84,-120],[151,-126],[60,-91],[17,-57],[1,-138],[39,-157],[22,-39],[1,-86],[-38,-93],[-135,-104],[-65,-86],[-125,-91],[-80,-85],[-82,-40],[-111,-30],[-328,-201],[-184,-137],[-248,-264],[-143,-131],[-183,-129],[-65,-126],[-52,-147],[-76,-80],[-80,-128],[-89,-77],[-119,-76],[-110,-117],[-149,-113],[-204,-193],[-138,-59],[-143,-30],[-179,-12],[-84,-45],[-123,-133],[-97,-134],[-96,-88],[-129,-60],[-279,-58],[-200,-230],[-105,43],[-179,-14],[-213,-245],[-145,-117],[-29,-44],[-26,-186],[-56,-169],[23,-116],[83,-68],[60,-152],[-4,-109],[-50,-87],[-42,-38],[-1,-69],[54,-93],[93,-106],[59,-91],[110,-49],[23,-24],[16,-60],[-17,-96],[-76,-40],[-70,-57],[-71,-27],[-119,-20],[-159,12],[-58,-36],[-33,-29],[-71,-136],[-84,-289],[-41,-35],[-117,-162],[-72,-48],[-78,-30],[-42,-66],[-90,-89],[-52,-28],[-77,10],[14,-41],[-109,-29]],[[66178,89964],[-165,-81],[-44,-108],[-128,-180],[-94,-98],[-39,-60],[-12,-53],[-22,-208],[-78,-126],[-20,-21],[-57,-24],[-33,-35],[-31,-70],[-60,-79],[-42,-98],[12,-86],[36,-109],[1,-61],[31,-49],[67,-37],[53,-12],[104,-59],[111,-22],[42,-36],[-13,-50],[-71,-105],[-13,-116],[20,-132],[79,-226],[-40,-116],[-49,-42],[-56,-13],[-112,14],[-48,-8],[-118,-61],[-34,-39],[-6,-89],[56,-67],[46,-170],[104,-114],[29,-118],[-3,-64],[-23,-23],[-65,-25],[-219,-37],[-84,-55],[-71,-79],[-74,-254],[-37,-80],[1,-57],[29,-75],[3,-45],[-44,-153],[-53,-99],[-17,-74]],[[44160,106405],[15,-16],[45,-1],[32,-18],[-1,-19],[-21,-16],[0,-45],[24,-16],[-85,11],[-72,-22],[-37,18],[43,88],[57,36]],[[59753,128678],[50,48],[-3,12],[-8,-5],[6,24],[67,95],[153,13],[113,94],[136,-4],[98,20],[50,41],[29,90],[31,42],[69,37],[33,4],[20,22],[-7,24],[55,-5],[34,16],[155,24],[30,21],[-4,38],[89,16],[58,26],[33,72],[182,25],[129,76],[43,58],[73,147],[7,-4],[-3,44],[31,34],[46,133],[-23,35],[-43,10],[-21,-12],[-7,-29],[-30,-18],[-45,-3],[-13,-39],[-29,-5],[1,-17],[-28,23],[22,61],[43,34],[102,34],[96,115],[146,89],[228,26],[212,68],[59,88],[2,63],[25,20],[31,5],[47,71],[106,35],[76,56],[13,41],[-22,53],[11,44],[121,-20],[142,-2],[212,33],[155,59],[78,83],[-17,27],[-67,265],[-14,77],[17,1]],[[63134,131327],[101,-350],[51,-76],[84,-79],[337,-195],[151,-136],[85,-109],[61,-126],[24,-179],[-7,-163],[22,-50],[105,-86],[189,-115],[44,-65],[18,-57],[16,-130],[-7,-79],[-47,-56],[-147,-95],[-47,-105],[-4,-55],[44,-316],[85,-170],[14,-69],[-14,-184],[34,-674],[-17,-47],[-151,-90],[-43,-47],[-3,-24],[10,-46],[55,-72],[56,-18],[32,-29],[46,-114],[-2,-98],[-20,-50],[-42,-37],[-42,-100],[-8,-289],[-18,-49],[-142,-92],[-130,-46],[-138,-107],[-55,-57],[-55,-92],[-126,-158],[-24,-49],[-6,-273],[-29,-117],[-123,-149],[-62,-211],[-177,-245],[-90,-84],[-300,-496],[-91,-302]],[[62631,124020],[-74,71],[-437,543],[-85,58],[-70,80],[-66,39],[-128,114],[-234,49],[-155,91],[-96,74],[-102,142],[-71,70],[-84,25],[-34,-5],[-184,-59],[-109,-18],[-96,-44],[-20,9],[-105,129],[-19,46],[-79,44],[6,69],[-9,31],[-35,22],[1,31],[-77,51],[-30,40],[-66,29],[62,28],[41,54],[-6,37],[-44,40],[-224,57],[-186,16],[-44,-6],[-83,-54],[-45,-6],[-106,43],[-57,42],[-12,49],[22,54],[57,31],[59,83],[4,166],[58,71],[31,16],[10,23],[-5,53],[32,18],[-16,68],[-36,6],[-74,90],[39,69],[17,98],[26,29],[13,90],[-18,78],[46,133],[-85,154],[-277,182],[-18,39],[-19,140],[78,130],[62,148],[57,95],[46,97],[2,40],[109,100],[17,113],[34,50],[-51,45],[-10,30],[69,48],[5,40]],[[50865,116580],[14,75],[72,40],[74,5],[5,-12],[-19,-13],[16,-64],[-31,-8],[2,-51],[-23,-27],[-65,18],[-16,25],[-29,12]],[[53920,120084],[9,-8],[-4,21],[11,-5],[3,-43],[5,27],[12,-8],[11,23],[5,-24],[1,43],[15,4],[-9,34],[-12,-48],[-3,37],[-14,4],[6,-14],[-19,2],[4,-10],[-10,16],[47,49],[7,-37],[28,-15],[25,4],[-6,-32],[-8,10],[-8,-17],[-5,20],[-23,-15],[26,-20],[18,15],[3,-19],[4,27],[29,2],[0,8],[-28,-6],[3,19],[12,4],[110,-31],[24,7],[16,-19],[-16,-35],[-206,-2],[-44,-14],[-14,5],[6,18],[-11,23]],[[63391,106434],[-55,30],[-2,61],[-27,58],[5,36],[56,29],[14,31],[112,9],[58,67],[2,39],[130,41],[12,28],[-7,34],[-41,56],[-91,64],[-13,63],[25,2],[44,-34],[49,-9],[95,53]],[[63757,107092],[47,25],[90,8],[27,128],[97,43],[72,63],[33,7],[71,-15],[22,-61],[3,-83],[31,-36],[2,-29],[42,-2],[11,133],[16,27],[87,22],[55,-2],[58,-38],[100,-10],[71,-43],[92,26],[66,0],[41,-40],[1,-61],[16,-23],[17,-17],[48,18],[30,33],[-16,24],[-12,85],[21,108],[19,32],[119,74],[137,176],[60,37],[28,93],[-55,56],[24,19],[26,78],[-44,92],[38,70],[17,72],[115,-4],[41,-77],[102,-81],[138,46],[51,3],[5,86],[45,98],[87,99],[61,100],[-12,169],[11,34],[59,55],[-11,100],[-20,46],[-70,73],[-112,155],[-42,-3],[-18,-16],[-49,9],[-6,23],[29,14],[0,31],[-47,54],[-35,177],[-41,2],[28,43],[112,13],[-8,89],[20,81],[-88,106],[-123,69],[-77,21],[-8,57],[10,40],[60,60],[-21,57],[19,60],[-11,41],[14,49],[-27,58],[-56,61],[-10,58],[11,35],[47,52],[14,36],[-60,52],[26,122],[-4,37],[-45,105],[-87,138],[-6,47],[13,31],[71,72],[2,28],[-20,36],[-72,50],[-12,31],[6,35],[17,11],[125,8],[65,-21],[4,52],[16,33],[88,32],[38,-18],[16,27],[-50,14],[-10,17],[17,63],[38,35],[49,21],[61,82],[7,68],[-27,53],[-6,50],[-36,74],[-39,34],[-17,63],[3,100],[-94,136],[-70,59],[-66,194],[-118,157],[1,108],[-92,5],[-41,29],[-133,292],[-14,77],[-116,93],[-125,43],[-37,40],[-3,65],[-74,12],[-48,35],[-146,-31],[-79,2],[-130,45],[-149,31],[-31,55],[-57,45],[13,78],[-31,53],[-21,10],[-11,-7],[-25,14],[-48,-34],[-66,-23],[-105,-6],[-24,10],[-46,58],[-41,-15],[-28,29],[-143,6],[-26,34],[-68,21],[-37,34],[4,22],[-42,55],[2,61],[-23,44],[18,45],[-41,49],[-49,10],[4,37],[30,20],[-13,16],[-21,3],[-11,30],[-47,40],[-14,103],[-51,68],[-4,26],[-64,2],[-52,31],[-58,102],[-65,66],[-30,66],[-37,22],[-57,-10],[-24,8],[-22,86],[-28,38],[-43,23],[-14,62],[-90,43],[29,168],[-20,94],[38,99],[-82,122],[-59,8],[-33,27],[-22,80],[13,58],[-16,60],[-32,40],[-69,30],[-26,41],[39,117],[107,80],[14,94],[-128,72],[-39,86],[80,40],[20,52],[88,89],[24,89],[47,45],[4,46],[-44,49],[96,193],[36,23],[134,40],[67,-3],[44,47],[4,54],[-58,3],[-70,-32],[-35,-1],[-84,27],[-65,71],[-88,21],[-146,6],[-180,-32],[-176,6],[-33,-9],[-20,20],[-147,27],[-19,33],[-31,4],[-66,71],[-54,15],[-45,-30],[-28,3],[-66,167],[37,77],[24,132],[-13,107],[95,109],[50,29],[-148,13],[-73,68],[-32,11],[-65,-8],[-70,-51],[-88,10],[-72,-16],[-41,5],[-59,55],[7,46],[-75,56],[-11,29],[-31,6],[-34,30],[-21,52],[-80,14],[-58,56],[-62,14],[-37,34],[-34,5],[14,36],[-21,30],[-3,60],[-16,20],[-60,-12],[-65,10],[-20,29],[-102,52],[9,38],[-35,15],[-23,-2],[-85,-83],[-28,-7],[-14,30],[29,91],[-9,63],[-8,18],[-66,18],[-6,24],[27,-2],[26,22],[63,11],[61,37],[44,69],[-57,-13],[-20,-27],[-62,-21],[-80,49],[-57,3],[-43,22],[-11,24],[-30,10],[-59,3],[-30,-36],[-34,16],[-106,7],[-28,-39],[-13,26],[-37,21],[-50,59],[-42,21],[-57,-11],[-108,90],[-40,7],[-10,48],[30,55],[-15,15],[-67,13],[-44,-16],[-170,-124],[-12,-32],[7,-91],[-57,-3],[-77,-25],[-4,-44],[-34,-80],[-18,-14],[-38,-119],[4,-53],[-40,-2],[-5,-29],[-52,-9],[-23,12],[0,29],[21,32],[-6,46],[12,16],[42,11],[-56,39],[-73,90],[-32,-5],[-81,33],[-23,-12],[-16,6],[-22,-72],[-50,-52],[-39,-17],[69,165],[-11,33],[-87,7],[6,103],[29,140],[19,25],[85,33],[6,34],[-13,171],[12,64],[-36,29],[71,119],[68,42],[25,29],[20,134],[54,130],[-6,76],[42,61],[-10,41],[-72,31],[-51,39],[-2,41],[54,40],[8,47],[89,178],[4,113],[73,105],[18,49],[-7,35],[-16,36],[-37,31],[-76,26],[-41,31],[2,114],[-12,53],[-97,-14],[-41,-26],[-5,-275],[-16,-18],[-44,3],[-31,-16],[-20,0],[-22,27],[-57,5],[-182,74],[-296,45],[-54,37],[-55,-4],[-19,24],[-31,-3],[-83,45],[-77,21],[27,96],[-40,0],[-36,-44],[-88,-19],[-5,33],[41,76],[-38,56],[0,48],[51,71],[21,11],[9,61],[21,39],[64,38],[2,47],[-27,96],[-41,27],[-17,26],[-14,112],[-67,74],[-21,122],[13,71],[-13,118],[-81,4],[-77,-18],[-30,-17],[-42,-65],[-77,-5],[-64,22],[-99,99],[-71,14],[-24,43],[423,877],[-610,-223]],[[56601,122901],[66,68],[14,86],[75,40],[44,80],[103,59],[6,20],[-24,-7],[-12,31],[-14,2],[-27,-10],[-4,-28],[-39,-30],[6,49],[26,38],[-31,53],[-26,7],[-9,-9],[12,22],[-22,0],[9,15],[19,-7],[-7,18],[40,-13],[-9,22],[19,6],[16,40],[39,3],[-15,-24],[21,-27],[-28,-3],[-21,-26],[53,-34],[-5,-14],[15,8],[-7,17],[17,3],[44,-19],[67,-4],[-23,13],[18,122],[-38,144],[8,133],[-14,13],[-16,-21],[-18,57],[-51,7],[-53,-13],[0,-22],[-7,5],[-13,-27],[5,-40],[-29,5],[-16,-28],[-23,22],[17,18],[16,-3],[17,40],[-20,36],[5,18],[31,-7],[12,19],[41,1],[-8,13],[18,9],[14,-9],[47,25],[18,-12],[41,17],[1,12],[-27,-3],[10,3],[-66,22],[-10,21],[-1,-15],[-74,35],[-62,-25],[-91,-110],[-90,-8],[-100,-38],[-18,-22],[-40,-17],[-60,-73],[-29,-10],[-81,-76],[-164,-26],[-30,-51],[-66,-65],[-32,-14],[-29,-40],[32,45],[0,14],[-4,-9],[-14,11],[-5,38],[-14,-38],[-24,-20],[22,-52],[-93,-96],[-49,-96],[-133,-131],[-89,12],[-29,-13],[-3,16],[37,7],[-10,23],[-18,-26],[-16,10],[-31,-14],[-4,-15],[38,3],[4,-9],[-25,-49],[-65,-9],[-88,41],[-28,52],[13,23],[51,18],[33,32],[6,-39],[-23,4],[-14,-17],[20,3],[-5,-14],[19,-3],[25,4],[-5,44],[14,25],[16,-6],[20,45],[28,8],[13,25],[24,-15],[32,21],[16,-11],[73,6],[106,39],[41,60],[-7,14],[-44,7],[4,38],[64,-1],[14,14],[-5,18],[74,65],[48,10],[22,21],[0,-20],[10,20],[-19,7],[5,10],[28,40],[21,7],[49,52],[16,34],[-2,28],[61,40],[40,47],[28,64],[6,67],[20,-35],[27,-12],[0,-26],[19,0],[12,18],[71,-19],[6,-12],[-39,-6],[-7,-13],[33,-14],[26,6],[7,21],[-25,66],[-56,12],[12,10],[-38,21],[-69,-2],[4,-11],[-11,-3],[-52,52],[-62,8],[-34,25],[-5,21],[53,38],[-1,21],[36,18],[41,-19],[69,5],[20,7],[27,39],[40,-4],[1,-17],[28,-5],[35,8],[-63,18],[-36,33],[17,43],[-25,53],[42,123],[42,39],[32,-4],[40,23],[4,-23],[-24,-8],[-5,-14],[27,8],[2,-71],[-8,-12],[-20,15],[6,-15],[-17,-10],[19,-32],[-9,1],[0,-13],[31,-46],[47,-35],[39,-11],[42,17],[-20,-14],[17,4],[16,-14],[-52,-14],[-3,-14],[32,-18],[1,-16],[60,6],[24,59],[-57,0],[3,12],[42,38],[101,49],[13,-34],[27,-7],[74,12],[21,27],[-31,48],[-55,-22],[54,33],[-2,11],[16,-2],[50,30],[-10,70],[-27,8],[32,-6],[32,-73],[11,3],[-52,144],[56,-120],[44,8],[-22,23],[23,-22],[27,0],[-13,15],[11,9],[14,-16],[-2,13],[20,4],[3,18],[16,-22],[14,6],[0,19],[17,-16],[13,4],[-13,20],[14,-17],[21,12],[7,15],[-13,32],[-35,4],[37,-4],[3,27],[17,18],[-29,-12],[-23,53],[-46,6],[25,2],[9,22],[-14,8],[29,4],[-38,8],[13,1],[-4,31],[-12,0],[12,3],[2,16],[-11,2],[9,0],[0,19],[43,1],[-41,4],[-12,-6],[30,16],[-19,5],[-1,24],[-16,9],[0,18],[2,-16],[21,29],[14,1],[-15,8],[46,-6],[-9,6],[11,6],[-53,38],[-2,12],[17,7],[-15,48],[-4,-15],[-13,15],[2,18],[16,5],[-4,14],[12,3],[-20,39],[26,56],[-21,26],[12,4],[-31,74],[56,12],[-64,-9],[-33,15],[3,12],[-8,-10],[-73,11],[12,56],[-18,17],[16,8],[-53,16],[30,19],[17,-18],[-7,-11],[16,-1],[11,29],[-19,15],[16,11],[-6,16],[-14,10],[-17,-14],[1,8],[-37,-2],[-9,-14],[5,14],[-20,-12],[5,14],[-58,6],[21,21],[-22,0],[11,4],[-6,15],[-19,11],[-4,-9],[0,12],[-37,24],[18,-4],[-16,8],[11,-1],[1,12],[-35,16],[-16,17],[6,14],[-24,-28],[42,-45],[-15,-4],[20,-2],[5,-14],[-21,-7],[-57,-108],[84,-49],[5,-17],[-33,4],[-67,35],[-29,-21],[-19,4],[-35,36],[-15,-4],[17,11],[-8,10],[9,-7],[47,27],[67,67],[7,48],[-29,60],[3,31],[63,53],[175,85],[51,57],[103,64],[-1,14],[-15,-8],[62,50],[83,104],[54,119],[-17,5],[2,25],[-18,25],[-57,24],[1,22],[-13,12],[19,46],[-17,32],[42,77],[20,82],[1,67],[-63,134],[-89,37],[-35,33],[18,37],[0,41],[22,24],[83,31],[135,15],[108,34],[129,76],[39,85],[20,121],[24,34],[3,68],[98,63],[95,30],[94,49],[47,78],[41,13],[93,62],[53,78],[2,93],[11,11],[246,33],[95,37],[180,4],[162,23],[190,50],[157,76],[74,65],[-10,88],[53,113],[-12,4],[-7,44],[10,55],[-14,105],[14,112],[-9,17],[40,32],[2,24],[25,21],[20,107],[257,-48],[111,19]],[[62631,124020],[-25,-182],[-51,-65],[-259,-656],[-11,-101],[24,-122],[45,-45],[131,-59],[93,-21],[166,5],[111,-16],[141,-39],[87,-47],[122,-98],[129,-133],[42,-55],[64,-143],[40,-55],[242,-199],[25,-70],[3,-222],[-11,-53],[-26,-33],[-71,-32],[-231,-22],[-154,-71],[-73,-7],[-63,-35],[-61,-59],[-27,-44],[-58,-18],[-25,-28],[15,-109],[44,-109],[-7,-85],[31,-71],[79,-121],[18,-69],[20,-164],[45,-125],[-23,-121],[136,-144],[107,-90],[127,-67],[19,-46],[26,-182],[-17,-64],[-80,-110],[0,-73],[57,-42],[91,-150],[105,-93],[11,-30],[-39,-60],[-119,-119],[-10,-36],[25,-61],[149,-119],[43,-56],[73,-304],[-20,-173],[-23,-64],[-198,-184],[-53,-15],[-11,-83],[47,-55],[82,-56],[8,-43],[-8,-90],[-66,-171],[-1,-45],[41,-135],[-5,-21],[-109,-66],[-20,-26],[4,-65],[23,-61],[14,-4],[92,90],[99,49],[120,20],[50,-5],[84,-33],[123,-124],[42,-99],[0,-32],[-13,-16],[30,-60],[33,-24],[60,-19],[60,3],[197,74],[67,-58],[175,-55],[63,-175],[44,-51],[109,-42],[195,-29],[43,-21],[39,-40],[47,-97],[-23,-139],[16,-32],[161,-119],[45,-23],[136,-31],[111,-59],[18,-35],[14,-135],[56,-42],[76,-122],[104,-82],[36,-86],[11,-108],[61,2],[54,-63],[39,-8],[67,18],[192,136],[86,104],[107,61],[162,-17],[51,36],[60,0],[25,-26],[1,-86],[57,-124],[97,-117],[53,-106],[53,-51],[84,3],[146,88],[56,7],[142,65],[66,5],[77,-31],[56,-55],[344,-175],[45,-52],[10,-39],[-38,-61],[-43,-134],[-3,-50],[16,-32],[60,-17],[77,-1],[167,96],[48,-16],[57,0],[56,-23],[106,-143],[150,-108],[-78,-48],[1,-46],[40,-22],[103,-17],[116,-167],[88,-50],[59,-10],[69,-34],[6,-18],[-22,-73],[47,-32],[129,-21],[10,-17],[-6,-88],[20,-24],[68,4],[104,56],[27,2],[14,-46],[29,-33],[102,-55],[0,-26],[-34,-20],[-111,7],[-51,-23],[-22,-63],[49,-44],[59,-7],[38,12],[41,33],[33,60],[27,4],[33,-16],[49,-119],[49,-40],[36,2],[57,35],[140,12],[91,-49],[51,-12],[50,5],[75,45],[19,108],[20,37],[64,25],[29,-116],[40,-38],[72,-12],[98,60],[53,-18],[53,-88],[116,-87],[-25,-13],[-85,26],[-53,-20],[-16,-66],[16,-32],[16,-14],[68,10],[28,-8],[101,-89],[20,-5],[58,28],[75,62],[97,2],[50,-22],[69,-68],[90,-30],[47,-29],[74,-7],[97,10],[47,17],[88,2],[74,-82],[136,-263],[7,-34],[-19,-169]],[[72155,112581],[36,-276],[112,-108],[102,-60],[79,-118],[100,-92],[113,-62],[96,-116],[44,-76],[40,-148],[-35,-220],[53,-140],[-16,-40],[-54,-47],[-88,-48],[-51,-50],[-3,-103],[47,-232],[-111,-219],[-6,-149],[11,-91],[93,-157],[129,-118],[2,-112],[68,-152],[69,-82],[76,-62],[0,-24],[-49,-65],[-9,-36],[-14,-210],[42,-138],[60,-117],[145,-155],[21,-49],[3,-99],[-11,-33],[18,-160],[-18,-412],[6,-196],[-59,-134],[-9,-104],[5,-30],[74,-81],[6,-49],[-106,-77],[-17,-49],[0,-26],[91,-150],[10,-61],[-80,-78],[-53,-89],[-17,-113],[-77,-122],[-19,-88],[-2,-109],[19,-63],[6,-118],[32,-170],[-4,-73],[-33,-69]],[[73022,105956],[-27,-43],[-38,-21],[-127,-14],[-87,-31],[-41,-36],[-70,-134],[-229,-152],[-70,-80],[-61,-172],[-83,-126],[-15,-69],[7,-180],[35,-169],[-25,-116],[11,-56],[23,-49],[68,-75],[108,-85],[50,-67],[55,-189],[2,-65],[-38,-107],[0,-65],[30,-86],[65,-103],[28,-69],[2,-114],[44,-308],[51,-79],[56,-188],[40,-63],[17,-55],[-1,-38],[-38,-66],[-145,-144],[-101,-73],[-23,-69],[15,-28],[127,-67],[48,-71],[9,-70],[-45,-86],[3,-22],[76,-173],[51,-63],[26,-74],[-28,-58],[-33,-4],[-83,23],[-37,-43],[-9,-32],[68,-121],[10,-55],[-26,-62],[-29,-28],[-78,-37],[-29,-41],[-25,-70],[-7,-114],[-97,-124],[-60,-207],[-72,-58],[-71,7],[-74,-19],[-44,-67],[-35,-138],[-20,-16],[-206,-24],[-46,-36],[-41,-83],[5,-93],[47,-74],[51,-144],[61,-120],[28,-158],[0,-41],[-76,-175],[-55,-208],[-25,-237],[14,-75],[-32,-105],[2,-193]],[[54915,123415],[29,14],[3,-30],[11,-2],[1,12],[47,-14],[18,10],[-3,25],[11,-15],[58,-12],[38,24],[-3,-12],[23,-11],[-25,-27],[-75,-19],[-24,-32],[-66,-11],[-29,15],[-14,85]],[[56341,124829],[29,40],[-11,50],[47,37],[5,28],[56,31],[16,87],[23,17],[50,-70],[100,-46],[9,-17],[41,5],[86,-18],[40,-23],[24,-41],[-8,-8],[-12,31],[-10,-36],[-27,29],[-7,-11],[-6,11],[-11,-14],[-51,-12],[16,-9],[-11,-30],[32,-20],[28,-5],[-33,31],[-17,-3],[9,32],[22,7],[16,-6],[-18,-12],[12,-22],[67,-19],[-49,-46],[7,-18],[-35,0],[-18,-48],[-24,4],[-13,21],[-23,-11],[9,20],[-18,22],[-4,-13],[-12,42],[-31,-16],[16,-61],[-24,27],[-16,-12],[4,30],[-22,16],[-71,-41],[-23,-35],[-25,2],[-3,-19],[18,-15],[-4,-25],[30,-5],[-23,-29],[-30,-22],[-7,5],[9,-19],[-15,-20],[-30,25],[-19,-4],[-43,22],[6,25],[-22,48],[21,67],[-22,69]],[[72155,112581],[59,43],[56,71],[90,159],[12,42],[-20,104],[68,7],[76,109],[-1,15],[-32,28],[38,39],[11,65],[35,26],[17,42],[4,158],[44,41],[64,-8],[43,26],[-33,25],[55,57],[-38,48],[58,12],[39,-15],[16,5],[-5,109],[-103,107],[-127,74],[-225,178],[-123,77],[-131,183],[-1,132],[104,146],[17,48],[3,72],[-26,39],[-70,33],[-60,3],[-49,-30],[-52,-60],[-625,99],[-20,119],[-48,103],[5,62],[130,194],[0,111],[46,75],[-2,159],[27,57],[-76,47],[-63,77],[-179,10],[-37,45],[-60,44],[-31,72],[2,27],[31,36],[-15,169],[47,119],[6,153],[28,46],[43,25],[-148,56],[-101,-6],[-50,29],[-46,73],[-104,89],[-155,20],[-62,21],[-54,42],[-19,31],[-74,49],[-50,98],[-32,12],[-12,21],[-23,1],[-38,41],[-92,59],[-22,56],[-32,42],[-44,-8],[-95,35],[-32,-11],[-44,12],[-16,36],[-86,17],[-13,36],[-37,17],[-20,25],[185,85],[112,114],[69,29],[-6,13],[38,99],[107,79],[14,25],[28,11],[27,61],[39,16],[28,49],[2,48],[18,16],[4,28],[20,10],[14,49],[34,33],[10,45],[55,-3],[2273,445],[-20,71],[6,137],[-87,104],[5,34],[37,19],[-3,10],[-21,0],[2,10],[33,11],[5,28],[-72,145],[-78,64],[-6,41],[-44,33],[-34,47],[-13,75],[73,94],[7,31],[-134,374],[-70,35],[-41,52],[-85,23],[-29,40],[-81,9],[-90,137],[-61,6],[-21,14],[-86,165],[-9,64],[-50,31],[-54,89],[-44,38],[-23,68],[-120,158],[-128,75],[-9,85],[-54,62],[-131,40],[-154,-5],[-76,53],[-151,297],[-79,42],[-83,91],[-53,112],[-52,41],[-65,19],[-35,26],[-87,226],[-102,91],[2,56],[-19,-5],[-10,9],[9,8],[-51,44],[-26,70],[75,101],[0,28],[49,41],[-3,10],[18,3],[-5,17],[22,12],[-12,8],[15,51],[-12,68],[-38,17],[-5,15],[14,15],[-28,16],[12,38],[22,0],[11,19],[31,-12],[13,30],[19,4],[0,21],[-16,11],[29,41],[-17,41],[27,15],[-28,106],[11,19],[-32,13],[4,23],[16,6],[-20,9],[-1,15],[50,48],[-5,14],[22,23],[-13,29],[17,25],[60,11],[27,28],[8,21],[-10,22],[13,23],[59,20],[-1,22],[17,9],[10,28],[-11,48],[14,21],[-10,20],[-37,9],[18,33],[19,0],[3,14],[38,22],[0,15],[36,19],[11,-6],[9,17],[30,-13],[13,24],[54,41],[24,-10],[18,17],[25,2],[7,21],[20,9],[-38,41],[19,25],[-25,38],[35,12],[7,29],[72,77],[76,13],[37,41],[88,36],[66,64],[11,40],[39,-4],[24,27],[-5,52],[13,31],[-15,53],[28,18],[23,-10],[9,20],[-50,29],[-3,16],[21,3],[-5,33],[54,46],[-27,34],[8,9],[-27,7],[-7,45],[31,22],[8,-9],[33,7],[3,29],[-20,3],[13,12],[53,-11],[-4,31],[21,1],[12,36],[33,8],[28,24],[50,4],[15,46],[24,11],[-36,24],[-1,14],[97,38],[6,40],[31,-18],[11,47],[66,10],[25,31],[63,-19],[25,39],[39,-8],[-7,47],[54,-7],[34,32],[11,0],[-17,-43],[9,-10],[36,23],[72,-10],[14,39],[30,11],[29,-31],[23,14],[44,-43],[12,25],[62,28],[55,60],[25,-29],[20,32],[32,-13],[40,25],[12,-12],[-17,-40],[32,13],[30,-20],[4,-41],[31,6],[34,-25],[-31,-13],[19,-19],[97,94],[17,-11],[31,4],[29,-22],[4,28],[15,2],[5,-25],[17,6],[17,-15],[24,44],[19,-14],[15,30],[14,-17],[52,-5],[1,31],[21,33],[56,4],[22,41],[24,12],[-3,26],[34,-12],[21,8],[-12,25],[69,3],[-9,21],[73,83],[-1,22],[19,5],[33,-20],[-4,53],[10,4],[21,-25],[8,22],[45,2],[22,-21],[4,30],[13,-22],[35,18],[34,-19],[13,7],[4,-15],[56,11],[8,-18],[-12,-9],[14,-9],[39,17],[20,-4],[5,-16],[6,48],[32,17],[4,22],[-43,23],[0,26],[30,46],[19,2],[-45,71],[5,35],[70,-7],[40,25],[19,-18],[33,8],[29,-31],[53,4],[43,-28],[83,-17],[15,-14],[12,11],[11,-6],[38,42],[26,0],[12,70],[-13,28],[16,8],[35,-18],[12,30],[-12,75],[13,8],[-3,22],[-12,2],[-7,36],[9,70],[29,-3],[42,16],[93,-43],[68,34],[162,11],[50,-31],[41,-2],[86,50],[108,-27],[57,25],[41,58],[6,15],[-33,17],[-20,40],[15,122],[-31,35],[-6,44],[-16,19],[-173,52],[-53,52],[10,51],[-110,32],[-63,5],[134,102],[18,49],[16,155],[-55,105],[18,32],[-13,15],[-1,52],[33,107],[-15,21],[-104,16],[-68,30],[41,61],[1,128],[15,45],[55,16],[35,28],[51,81],[22,104],[-10,51],[79,35],[12,68],[76,-47],[59,21],[16,87],[53,23],[37,42],[-34,77],[129,74],[50,47],[-91,36],[-50,-20],[-68,-2],[-23,81],[-66,17],[-111,90],[-49,19],[-210,21],[-117,60],[-68,-23],[-27,9],[51,63],[28,84],[36,52],[187,160],[30,41]],[[74611,129004],[77,37],[132,27],[68,1],[83,34],[173,-21],[48,8],[41,23],[118,3],[120,37],[12,27],[58,29],[57,-14],[60,46],[83,38],[48,-4],[35,-39],[65,-27],[65,12],[1,48],[58,5],[114,-12],[37,12],[296,-11],[70,14],[33,-33],[32,-7],[13,-23],[56,13],[45,-28],[70,19],[61,-19],[38,21],[92,-3],[70,14],[76,-38],[31,5],[119,-99],[71,28],[58,53],[29,-3],[49,60],[46,-44],[49,-3],[19,-78],[116,-25],[5,-25],[-20,-23],[17,-70],[23,-21],[38,7],[21,-18],[0,-42],[33,-74],[-31,-43],[37,-44],[-6,-39],[-40,-32],[-24,-84],[22,-60],[41,-28],[-3,-43],[-69,-103],[-31,-12],[-11,-29],[-26,-1],[1,-26],[-25,-29],[-1,-27],[-44,-29],[-24,-128],[111,46],[83,12],[58,49],[85,-4],[39,24],[31,-13],[20,-50],[22,-14],[69,19],[60,-26],[24,-127],[40,-68],[2,-28],[203,53],[33,-3],[55,-36],[44,6],[59,34],[31,-2],[158,-136],[30,-64],[82,-34],[45,6],[86,-17],[24,-39],[24,-85],[32,-22],[41,-2],[10,-33],[39,-16],[25,4],[34,-36],[28,-8],[17,-30],[42,-27],[2,-22],[-17,-27],[39,-4],[10,-26],[23,-9],[-2,-28],[-78,-84],[-21,-69],[-10,-65],[22,-66],[2,-92],[-49,-85],[-71,-34],[-18,-33],[3,-57],[43,-69],[-35,-67],[-65,-79],[-81,-18],[-86,-94],[-70,29],[-41,-8],[-26,-121],[-72,-78],[25,-33],[-3,-21],[-87,-33],[-38,-46],[-74,0],[12,-55],[-77,-45],[25,-57],[-47,-22],[-35,-40],[19,-71],[37,28],[11,-14],[16,17],[31,0],[0,-17],[52,-19],[-1,-15],[75,-31],[0,-31],[10,6],[3,-14],[22,-3],[-3,-22],[26,-3],[46,-52],[5,-21],[-13,-25],[8,-28],[-19,-52],[14,-25],[-19,-168],[10,-16],[21,-14],[135,21],[44,40],[52,11],[6,34],[30,4],[42,31],[86,28],[10,19],[120,66],[84,-28],[56,-1],[15,-26],[28,-10],[-1,-16],[60,-19],[53,0],[1,-10],[17,6],[-10,-16],[23,-4],[25,-31],[48,-24],[59,-8],[86,53],[75,9],[28,-9],[48,-48],[32,1],[18,-15],[45,5],[55,-26],[64,-3],[71,26],[66,54],[100,31],[190,116],[82,32],[207,30],[123,-5]],[[81099,125567],[-9,-51],[9,-23],[-16,-46],[10,-75],[-27,-38],[-5,-60],[73,-25],[29,-34],[16,-75],[-48,-81],[-34,-97],[-42,-2],[-67,-84],[-9,-69],[9,-64],[17,-15],[-8,-109],[75,-96],[-38,-151],[-18,-46],[-20,-13],[17,-76],[-18,-24],[-13,-78],[6,-40],[28,-33],[19,-86],[-16,-41],[11,-101],[-19,-28],[63,-92],[-22,-70],[-58,-16],[-31,-28],[0,-72],[20,-49],[-9,-123],[-32,-61],[-54,-62],[-9,-93],[-15,-28],[7,-26],[-20,-52],[91,-217],[-15,-21],[-80,-11],[3,-41],[-38,-73],[17,-37],[-29,-3],[-41,-25],[-12,-34],[-22,-18],[-54,-17],[-39,-85],[-27,-8],[-23,-25],[-29,-2],[-4,-67],[-32,-37],[43,-115],[11,-73],[-7,-47],[-95,-73],[19,-34],[2,-58],[-52,-92],[-78,-30],[-6,-43],[-64,-98],[-20,-49],[42,-53],[0,-41],[-56,-49],[-20,-50],[1,-46],[-30,-32],[-6,-30],[-61,-100],[4,-20],[47,-50],[62,-13],[22,-50],[-38,-74],[3,-19],[98,-74],[-152,-92],[11,-26],[13,-11],[82,-11],[34,-27],[67,-6],[13,-128],[55,2],[55,-26],[71,-14],[24,-22],[24,-54],[-3,-23],[-42,-15],[0,-43],[-46,-19],[-19,-62],[-78,-37],[-121,-155],[-43,-17],[-50,-52],[-49,-69],[-32,-98],[-33,-55],[13,-54],[-39,-52],[-11,-100],[-58,-49],[-16,6],[-34,-19],[-24,-60],[-70,-55],[-3,-55],[-31,0],[-22,-18],[-17,-93],[-80,-59],[-33,-70],[-40,-19],[-25,-45],[-3,-56],[-54,-119],[24,-66],[-28,-26],[-46,-97],[-71,-75],[-40,-126],[-2,-13],[50,-48],[-45,-141],[-30,-25],[-9,-85],[-38,-72],[13,-96],[-165,3],[-70,-28],[-148,12],[-44,-34],[-45,-3],[-39,-55],[-31,-9],[-19,-47],[-30,-13],[-61,-125],[-29,-28],[-40,-7],[-19,-53],[-79,-59],[-21,-32],[9,-46],[30,-43],[5,-81],[-27,-25],[-79,-5],[-22,-17],[-97,6],[-62,-56],[16,-48],[72,-56],[37,-67],[3,-32],[-87,-68],[-24,-57],[-37,-23],[-17,-47],[-117,17],[-31,-62],[-85,-79],[-31,-8],[-44,-38],[-7,-103],[-46,-96],[-59,-29],[-39,-2],[-11,-32],[-24,-17],[-18,-96],[37,-118],[-26,-94],[-34,-66],[-72,-47],[-49,24],[-48,-16],[-6,-24],[-33,-39],[2,-44],[-21,-25],[9,-46],[-36,-39],[7,-57],[-38,-37],[-10,-51],[14,-28],[-33,-90],[-40,1],[-77,-122],[-28,-19],[-11,-56],[-23,-22],[-26,-72],[-37,-24],[-69,-140],[-176,39],[32,-35]],[[76926,115118],[-37,-24],[-33,-72],[-31,-83],[5,-52],[-38,-80],[-39,-134],[-109,-72],[-77,9],[-43,21],[-54,49],[-23,6],[-45,-16],[-41,-55],[-51,-206],[-66,-54],[-38,-148],[3,-60],[63,-50],[40,-82],[14,-237],[-22,-216],[-48,-58],[8,-49],[-37,-90],[-69,-65],[-28,-11],[-27,-216],[69,-290],[5,-122],[45,-244],[-59,-215],[-17,-16],[-48,-7],[-81,4],[2,-64],[34,-83],[143,-171],[6,-100],[49,-195],[49,-92],[56,-57],[-30,-55],[7,-75],[-42,-24],[-182,-20],[-81,-59],[-96,-42],[-57,-69],[-65,-117],[-24,-85],[1,-55],[14,-22],[-45,-42],[-114,-57],[-52,-62],[-91,-30],[-30,-63],[-58,-66],[-2,-76],[-62,-42],[-1,-125],[14,-64],[94,-17],[21,-19],[-22,-43],[2,-52],[-22,-44],[-5,-88],[25,-68],[-61,-102],[-6,-62],[18,-57],[50,-31],[-6,-49],[15,-74],[-55,-73],[-21,-149],[-45,-11],[-62,24],[-29,-12],[-115,-83],[-21,-36],[-74,-57],[-187,-4],[-25,-55],[24,-73],[123,-1],[21,-86],[71,-46],[21,-28],[143,37],[68,36],[49,10],[194,-23],[182,-59],[46,-39],[26,-74],[1,-102],[-141,-99],[-87,-219],[-114,-91],[-57,-30],[-29,-78],[-46,-10],[-25,-26],[81,11],[224,0],[93,-30],[38,-37],[-5,-38],[17,-54],[45,-2],[30,13],[59,-35],[65,-9],[-46,-67],[19,-54],[29,-20],[129,-39],[45,104],[-1,51],[36,59],[36,7],[33,-51],[41,55],[23,5],[34,-14],[52,9],[-14,35],[62,11],[25,27],[35,1],[41,61],[-49,57],[7,49],[-61,105],[0,27],[53,59],[-28,29],[-2,18],[-56,9],[-31,34],[5,42],[-36,81],[-5,87],[11,61],[90,-33],[81,14],[44,20],[81,-10],[42,22],[38,-42],[22,-98],[13,-13],[66,-3],[16,-94],[40,-23],[23,-104],[35,-28],[-7,-28],[-50,-30],[-5,-17],[94,-123],[-15,-15],[-50,-201],[11,-98],[-10,-58],[29,-126],[-8,-19],[-30,5],[-37,-13],[-154,-80],[-3,-31],[-16,-11],[24,-75],[-22,-8],[-5,-22],[15,-17],[-11,-77],[66,-127],[-37,-34],[-23,-72],[-73,-57],[-33,-1],[-54,-55],[-36,-13],[-17,-40],[-44,7],[-11,-70],[-30,-41],[22,-66],[-12,-56],[5,-56],[-30,-64],[-41,-46],[-5,-63],[-26,-47],[-102,-45],[-6,-194],[-41,-55],[-9,-48],[26,-54],[62,-9],[86,-64],[23,-63],[58,-86],[36,-16],[52,16],[77,-32],[48,4],[67,-50],[19,-68],[1,-111],[22,-32],[-4,-71],[14,-43],[-41,-125],[40,-95],[10,-83],[42,-79],[-3,-88],[56,7],[19,24],[55,14],[84,-8],[96,44],[24,-6],[53,-57],[135,8],[66,-79],[6,-25],[-19,-47],[39,-35],[16,-83],[80,68],[69,8],[26,-65],[27,-230],[-5,-118],[-23,-31],[7,-16],[-17,-33],[-63,-19],[-32,-53],[-109,-38],[-22,-78],[6,-46],[-12,-9],[-24,10],[-50,-29],[-63,24],[-46,-3],[-44,-33],[-44,10],[-111,-50],[-36,-45],[-9,-32],[16,-83],[-28,-40],[23,-22],[3,-24],[-27,-16],[-1,-37],[-20,-36],[46,-40],[22,-52],[13,-159],[-24,-29],[15,-61],[27,-18],[4,-44],[-39,-23],[-24,-127],[-30,-49],[-42,-7],[-43,-96],[-40,-33],[-17,2],[-27,-29],[-43,-89],[-70,-13],[-108,-85],[-14,-40],[-66,-82],[-11,-70],[-25,-49],[-123,-100],[-47,-9],[-36,-57],[-80,-51],[-130,0],[-64,-26],[-68,-72],[-108,-20],[-9,-40],[-74,-2],[-176,71],[-89,101],[-34,88],[-25,12],[-29,-3],[-22,-18],[-32,0],[-56,38],[-67,7],[-40,20],[-76,126],[-108,43],[-80,52],[-43,5],[-19,15],[-231,9],[-151,37],[-26,22],[-50,0]],[[74284,102583],[-1059,10],[-81,111],[2,63],[17,18],[96,12],[40,25],[43,4],[26,45],[-4,34],[-35,27],[-7,55],[-30,8],[-60,92],[9,139],[63,57],[77,24],[93,1],[26,63],[-4,61],[122,75],[-1,50],[77,20],[36,53],[26,7],[54,99],[40,24],[81,13],[37,31],[-22,145],[-31,43],[4,51],[47,72],[-40,57],[7,63],[-14,7],[-61,-23],[-9,67],[-24,25],[-77,0],[-100,142],[-44,12],[-83,-12],[-22,15],[0,75],[44,59],[12,101],[-11,66],[-42,70],[-136,113],[-27,137],[3,90],[-55,73],[-38,9],[-42,33],[-22,48],[0,31],[-52,68],[-17,42],[-5,72],[23,75],[-64,60],[-52,78],[12,159],[-8,29]],[[63134,131327],[31,1],[7,-14],[19,6],[83,-60],[54,-1],[235,-107],[118,-20],[225,-66],[511,-216],[579,-211],[451,-148],[518,-134],[431,-88],[469,-61],[582,-8],[322,15],[401,72],[68,40],[45,5],[36,42],[242,126],[152,127],[19,26],[-14,36],[15,36],[114,112],[15,41],[100,98],[34,54],[-15,59],[-24,32],[4,50],[-21,30],[-12,60],[-32,65],[-39,20],[-24,31],[3,25],[-20,11],[20,65],[-12,17],[31,40],[4,54],[15,27],[5,79],[-40,151],[-51,69],[-42,4],[14,45],[73,93],[33,102],[-15,34],[-8,-5],[-20,20],[-36,1],[31,28],[-6,30],[-31,2],[-21,28],[-18,-4],[0,12],[40,11],[45,50],[63,12],[69,76],[8,18],[-18,5],[-1,1],[-2,7],[14,17],[-13,-21],[23,-8],[7,11],[-14,8],[16,-2],[10,22],[-7,14],[10,13],[-17,6],[12,27],[-18,19],[-23,-36],[-14,3],[4,27],[71,32],[27,-16],[24,10],[0,12],[23,-4],[42,19],[10,22],[32,-4],[37,22],[-13,38],[-40,-7],[7,22],[-11,9],[-62,-8],[-20,30],[13,19],[58,28],[14,35],[21,3],[-3,52],[42,15],[-14,57],[-20,22],[2,22],[50,-7],[4,-24],[28,-11],[29,40],[22,8],[23,-16],[12,31],[23,12],[22,-25],[34,9],[6,-14],[-26,-32],[7,-36],[24,-10],[52,41],[34,-32],[44,1],[43,29],[7,17],[-21,10],[-9,29],[-37,14],[-2,45],[-28,47],[-25,15],[-9,30],[9,11],[29,-6],[50,12],[6,49],[57,10],[-14,23],[11,13],[23,-35],[31,-2],[-15,-33],[-18,-6],[0,-19],[68,1],[1,-88],[36,24],[52,10],[-23,38],[18,40],[-22,8],[20,24],[-7,11],[26,5],[22,-19],[42,-10],[-9,-20],[28,-10],[-12,-25],[20,-13],[31,4],[7,-38],[28,-6],[17,10],[11,56],[-32,34],[5,38],[-43,40],[7,12],[-11,11],[14,20],[-6,11],[36,21],[18,-3],[-14,-14],[17,-11],[-3,-37],[47,-3],[12,-22],[26,15],[-19,-45],[24,-11],[-2,-13],[-30,-14],[10,-17],[-16,-10],[-3,-33],[59,-30],[26,6],[6,16],[21,-17],[18,14],[-4,-37],[32,-10],[29,6],[24,24],[3,29],[-19,14],[10,37],[-21,16],[-4,22],[28,30],[8,41],[14,11],[47,-2],[42,27],[12,-17],[-19,-9],[-6,-24],[23,-2],[29,-44],[-21,-15],[1,-17],[44,-5],[10,-15],[68,29],[-3,25],[-37,29],[14,16],[-10,6],[17,45],[54,27],[27,3],[-2,-8],[19,-4],[4,-31],[-12,-18],[29,-8],[21,-22],[21,22],[23,-3],[-13,32],[27,19],[4,-13],[57,6],[-3,-13],[18,0],[4,-13],[8,7],[-1,-9],[72,7],[27,-38],[42,35],[10,-10],[112,-7],[2,-12],[33,-17],[80,21],[47,-16],[-11,-31],[23,-21],[31,-11],[22,8],[46,-36],[16,12],[-3,-34],[49,-20],[6,-22],[66,-48],[21,7],[59,-29],[44,6],[63,-37],[68,-5],[114,-56],[85,-10],[82,-45],[131,-102],[162,-76],[79,-6],[231,-79],[314,-67],[134,14],[24,37],[40,9],[-29,0],[85,16],[283,-74],[153,-27],[53,4],[24,34],[63,24],[345,-71],[111,26],[80,2],[137,26],[108,-2],[189,41],[233,-42]],[[74925,132625],[27,-26],[-31,-69],[1,-124],[-10,-11],[-24,8],[-23,-24],[-21,8],[-15,-9],[16,-19],[35,-10],[-3,-12],[-43,5],[-15,-11],[40,-18],[5,-31],[-37,4],[-29,-13],[6,-51],[-27,-55],[15,-38],[-15,-91],[-17,-3],[-9,24],[-48,-37],[31,-37],[-14,-52],[-64,13],[-32,-8],[-26,-50],[-63,-8],[-13,-32],[28,-27],[-51,1],[-15,-30],[-32,-2],[27,-68],[-24,-20],[-27,1],[-52,-74],[-29,33],[-37,4],[5,-37],[-99,21],[-1,-59],[-78,0],[12,-36],[19,-12],[-19,-36],[34,-21],[-12,-14],[8,-6],[51,4],[3,-58],[52,-69],[-21,-23],[3,-20],[-27,-7],[-9,-23],[-51,-21],[22,-55],[-23,-24],[-24,-1],[22,-18],[-4,-30],[14,-19],[47,-7],[12,-15],[-14,-22],[-44,2],[18,-31],[41,-14],[-35,-19],[-49,-62],[50,-20],[-7,-34],[41,-2],[51,-106],[-14,-12],[-61,-9],[-8,-30],[-44,-24],[-2,-21],[-31,0],[12,-54],[32,-40],[-1,-29],[-18,-43],[-71,-51],[-20,-62],[-24,-11],[-13,-59],[29,-75],[20,2],[33,-29],[31,-9],[10,-19],[31,-11],[28,-43],[21,-4],[6,-37],[-16,-58],[60,-91],[3,-63],[-20,-22],[-14,-59],[50,-117],[-10,-50],[24,-41],[3,-35],[34,-37],[11,-32],[52,-51],[70,-38],[48,-201],[40,-100],[37,-55],[-5,-48]],[[63757,107092],[-35,53],[-32,-19],[-18,4],[-23,30],[-3,78],[-68,124],[3,23],[22,11],[9,21],[-30,61],[33,34],[14,78],[27,22],[-23,31],[6,46],[-32,21],[-1,77],[-100,81],[0,31],[-24,19],[-38,77],[-25,21],[-38,7],[-48,54],[-90,51],[-81,25],[-101,-21],[-101,35],[-12,15],[15,82],[-30,23],[-4,52],[-66,76],[8,27],[-58,80],[0,50],[-14,28],[-84,30],[-139,109],[-3,24],[33,45],[-68,2],[-37,29],[-49,-26],[-15,-30],[-17,33],[-2,62],[-26,51],[-60,8],[-38,20],[-127,6],[-48,-27],[-109,-29],[-138,-70],[-125,-15],[-53,-18],[-40,7],[-76,-26],[-82,-4],[-152,-41],[-224,-101],[-507,-302],[-278,-87],[-162,-90],[-9,-15],[-31,4],[-31,-15],[-175,156],[-89,150],[-63,71],[-220,162],[-54,9],[-41,44],[-139,33],[-49,26],[-77,10],[-78,40],[-114,21],[-76,29],[-30,67],[-23,132],[-21,21],[10,53],[-54,47],[-25,160],[1,149],[35,122],[46,39],[0,102],[-60,119],[-54,58],[-7,33],[-59,49],[-20,98],[6,23],[-17,30],[-5,48],[48,-6],[48,25],[23,80],[-51,-30],[-15,3],[-95,84],[-8,67],[108,147],[-3,38],[-27,24],[-19,47],[-22,114],[16,48],[54,29],[20,48],[-39,115],[45,45],[115,18],[41,21],[-46,39],[-108,-3],[-88,76],[-40,13],[-29,68],[-100,61],[-31,65],[-47,39],[3,274],[-24,3],[-24,283],[57,0],[203,94],[189,2],[108,99],[60,-72],[1,-32],[54,-40],[37,18],[59,58],[71,27],[80,4],[-14,44],[60,1],[13,153],[22,-24],[26,-2],[28,17],[19,-22],[39,-11],[106,14],[127,53],[36,65],[82,65],[98,1],[-26,65],[-3,113],[3,68],[26,97],[-9,87],[22,17],[27,0],[174,-53],[52,2],[-73,98],[-45,110],[-55,39],[-66,20],[-20,27],[-23,6],[0,18],[-29,29],[-124,85],[-34,50],[-54,18],[2,11],[78,7],[24,35],[41,18],[41,75],[62,-3],[-32,76],[-43,13],[-28,-16],[-52,20],[-114,119],[-81,40],[-32,47],[-67,1],[-65,16],[-55,-14],[-38,15],[-82,-21],[-31,-30],[-86,-21],[-26,5],[21,91],[-10,75],[25,60],[-12,29],[-32,13],[-75,-8],[-33,11],[-39,34],[-89,134],[-113,28],[-66,75],[-66,7],[-44,-15],[-38,-30],[-49,3],[-24,40],[-75,36],[-43,77],[-1,25],[-26,20],[-16,-1],[-13,-22],[-44,-7],[-97,-65],[-46,2],[-50,29],[-60,-13],[-37,-26],[-37,1],[-16,33],[4,60],[-12,48],[47,38],[3,48],[-188,57],[-35,46],[-38,9],[-12,19],[-30,12],[-35,62],[-88,43],[29,45],[-35,14],[-18,35],[37,149],[37,24],[12,102],[44,90],[-9,85],[-83,9],[-90,-12],[-19,-57],[-26,-8],[-43,15],[-42,-44],[-36,38],[-6,27],[15,16],[-21,42],[-66,38],[41,75],[-38,23],[-24,0],[-54,-98],[-27,-24],[-33,2],[-103,-28],[-66,9],[-21,-16],[-50,5],[-78,36],[-37,33],[-51,138],[-101,102],[-17,104],[-98,6],[-72,25],[-132,145],[-20,83],[-86,34],[-43,50],[-8,48],[-20,5],[-13,-25],[-74,-38],[-41,-78],[-64,-58],[-104,37],[-80,-5],[-143,152],[21,56],[1,47],[-22,-1],[-19,-21],[-9,-36],[-54,-23],[-70,11],[-13,15],[-87,21],[42,76],[54,50],[51,82],[79,61],[-83,62],[-15,98],[14,19]],[[55399,116816],[61,-12],[15,-20],[69,-38],[68,12],[185,123],[46,-3],[39,21],[90,76],[81,95],[178,261],[78,157],[85,229],[6,48],[7,-5],[39,102],[9,33],[-10,5],[12,-1],[17,46],[59,227],[14,322],[-61,242],[-40,77],[-115,111],[-88,195],[-65,106],[-60,30],[-63,-26],[-57,-4],[-69,38],[-63,67],[-6,-7],[-75,24],[-209,-25],[-144,6],[-53,-19],[-43,-40],[-6,9],[31,47],[70,43],[41,48],[6,67],[81,33],[4,58],[65,25],[66,63],[85,36],[102,81],[25,50],[-27,68],[1,26],[129,127],[22,43],[0,32],[37,63],[33,114],[-10,73],[24,94],[43,-4],[12,21],[-14,11],[2,27],[-17,-5],[11,61],[-30,79],[8,6],[-8,22],[-29,21],[22,55],[28,19],[0,17],[-33,-2],[35,49],[-4,-27],[26,5],[40,78],[72,83],[72,202],[-18,118],[68,56],[51,68],[58,193],[8,52],[-14,70],[-67,103],[11,26],[53,26],[24,30],[19,80],[12,245],[-19,80],[25,161],[-113,394],[16,46],[12,5],[50,-34],[74,-5]],[[48819,112346],[33,21],[576,186],[92,51],[93,84],[35,71],[19,60],[9,105],[163,89],[341,253],[14,35],[-3,111],[31,106],[-6,67],[105,201],[65,59],[115,65],[-10,12],[22,30],[110,72],[131,120],[142,161],[9,36],[-9,25],[46,67],[-8,68],[28,36],[17,55],[1,98],[20,93],[-16,39],[-30,20],[67,123],[-26,88],[53,51],[24,54],[-26,97],[325,130],[137,74],[123,105],[52,80],[11,65],[-24,67],[-65,59],[7,52],[193,200],[55,82],[596,156],[364,186],[66,51],[100,112],[36,91],[-40,70],[-40,14],[2,-16],[-37,30],[-2,26],[34,7],[9,19],[-15,15],[79,60],[36,59],[39,0],[5,37],[225,37],[-7,-26],[10,19],[23,-5],[48,-85],[54,-47],[79,-35],[150,-28],[98,-3],[217,27],[68,-7],[61,28],[49,7],[32,-19],[2,-21],[19,-14],[38,-7],[16,12],[16,52],[39,14],[121,4],[51,-28],[24,-83],[2,-64],[-16,10],[-4,23],[-37,-35],[-21,16],[14,5],[-12,9],[-128,31],[-125,-31],[-2,-20],[-5,7],[-58,-45],[13,-10],[-7,-14],[-29,1],[-1,-7],[11,3],[24,-20],[-22,-23],[-25,-6],[3,-10],[25,-1],[14,-13],[-6,-9],[44,6],[10,-21],[4,8],[29,-9],[38,35],[89,-3],[26,12],[9,25],[19,11],[-3,-20],[25,-39],[176,-24],[15,18],[31,1],[18,35],[-1,14],[-29,18],[33,18],[5,-29],[35,-5],[80,27],[169,136],[54,-14],[85,12],[26,-16],[16,-30],[29,-5],[17,-18],[88,15],[129,-17]],[[74925,132625],[329,-59],[46,25],[102,-9],[27,21],[42,4],[12,16],[154,15],[43,24],[417,-46],[129,16],[84,31],[514,-2],[137,17],[68,38],[70,16],[235,37],[253,86],[107,57],[17,33],[104,61],[9,37],[19,18],[267,135],[29,40],[180,109],[61,88],[16,108],[267,160],[99,90],[2,43],[36,47],[89,42],[238,63],[101,51],[122,83],[358,375],[158,130],[341,181],[261,78],[139,99],[81,33],[20,25],[87,29],[132,67],[214,75],[85,50],[72,89],[-8,15],[30,52],[209,200],[82,96],[32,72],[77,69],[196,95],[328,273],[311,112],[126,73],[353,52],[229,98],[148,-9],[19,-29],[44,20],[-46,2],[-2,9],[163,35],[36,19],[75,86],[-7,-18],[17,26],[77,39],[56,56],[110,12],[126,-39],[51,19],[7,-10],[51,5],[-5,11],[-26,-4],[113,32],[0,16],[58,23],[3,42],[-11,-13],[-4,12],[81,66],[17,29],[161,67],[60,6],[106,-17],[109,26],[167,3],[70,-12],[39,15],[55,-5],[47,13],[45,49],[258,64],[15,19],[70,31],[105,93],[39,23],[-2,-9],[36,46],[39,20],[312,106],[48,62],[123,26],[24,37],[53,29],[173,47],[160,126],[292,177],[34,5],[-68,-105],[16,-17],[43,-9],[53,31],[47,49],[69,16],[43,44],[-7,9],[26,88],[22,37],[-141,-127],[-46,-5],[-14,26],[90,101],[43,30],[59,105],[35,33],[77,169],[43,172],[47,107],[124,151],[54,189],[39,88],[98,135],[34,101],[135,255],[59,155],[0,58],[-28,76],[9,154],[-21,87],[14,78],[-23,38],[5,112],[-21,40],[-24,173],[-26,40],[-28,15],[-132,4],[-49,-14],[-36,21],[-20,-5],[-3,19],[30,47],[-15,18],[12,-4],[30,23],[83,14],[12,33],[-7,12],[68,28],[8,24],[112,14],[11,11],[-6,35],[37,2],[3,9],[245,-50],[260,-10],[6,-20],[38,25],[48,-5],[3,10],[181,24],[51,21],[160,29],[92,-11],[84,7],[182,48],[192,74],[32,-23],[58,32],[-11,-44],[20,-14],[24,7],[8,-25],[-17,-64],[-35,-24],[-19,-90],[-25,-11],[-29,-64],[-91,-23],[-78,-61],[9,-80],[-12,21],[-61,-20],[2,-25],[-17,-25],[7,-21],[-38,-47],[87,-44],[18,-32],[31,15],[37,-59],[4,-41],[-23,-8],[4,-23],[-41,-26],[24,-23],[-3,-83],[63,10],[10,18],[25,-12],[22,7],[74,-48],[227,59],[97,-19],[5,16],[17,2],[-7,51],[11,11],[20,-5],[-7,33],[37,-1],[-1,30],[29,-8],[4,45],[-24,1],[-23,41],[14,32],[-9,19],[97,5],[21,23],[2,23],[77,15],[11,13],[-9,14],[36,10],[98,-19],[15,7],[9,-11],[29,25],[24,-12],[-7,-17],[16,-5],[70,8],[65,45],[-31,35],[-7,55],[11,9],[-4,-33],[13,-12],[29,50],[-21,66],[11,7],[-87,79],[21,15],[-4,14],[-19,-15],[-56,38],[-21,33],[18,2],[25,25],[-4,29],[-12,6],[31,5],[3,-15],[36,6],[-10,42],[-58,38],[-40,11],[-18,-1],[-16,-33],[-3,16],[-13,-18],[-34,19],[14,38],[-27,58],[53,37],[-18,38],[-22,2],[2,21],[-33,24],[-58,11],[-40,-20],[-31,12],[-54,-12],[-16,-17],[-23,14],[-31,-12],[-40,10],[-80,-12],[-16,14],[-34,5],[-46,-34],[-1,-78],[-12,30],[-47,2],[-12,43],[-27,0],[1,13],[132,70],[98,88],[48,66],[230,132],[15,36],[153,121],[198,197],[28,13],[16,-18],[28,2],[33,-33],[67,-3],[49,49],[88,44],[17,66],[16,16],[85,5],[48,-20],[11,-34],[-57,-33],[-7,-24],[-104,-39],[-17,-31],[-57,-43],[-41,-11],[-17,-48],[46,-111],[73,-90],[52,-45],[55,-27],[104,-20],[43,22],[-8,15],[25,35],[-20,36],[51,91],[31,-3],[39,24],[112,-17],[118,11],[57,30],[113,107],[51,118],[-12,102],[-30,39],[-60,28],[-24,4],[-7,-12],[-43,11],[-47,-17],[-6,10],[83,17],[30,33],[101,34],[81,70],[19,82],[38,30],[28,5],[38,-20],[0,-61],[39,-21],[-20,-17],[22,-23],[-54,-36],[-30,4],[-9,-17],[-31,-15],[14,-99],[24,-43],[10,1],[9,40],[14,5],[38,-20],[-2,-14],[33,-23],[37,29],[-8,24],[21,2],[-2,-18],[-30,-30],[12,-32],[18,-9],[23,20],[1,20],[-15,19],[-16,-15],[-3,8],[27,18],[39,-5],[40,-40],[-26,-30],[-36,-8],[-4,-10],[28,-1],[-13,-16],[-22,0],[10,-14],[109,15],[17,28],[39,6],[-1,38],[19,9],[-52,-4],[21,-19],[-5,-11],[-34,-8],[-36,-32],[-53,-6],[63,37],[5,25],[58,36],[-12,35],[-29,23],[-93,24],[94,64],[-4,15],[-49,12],[51,5],[38,-18],[114,-16],[81,63],[57,12],[57,49],[25,-5],[14,14],[-23,5],[36,19],[-12,8],[23,-2],[1,-32],[58,13],[-25,-14],[7,-21],[62,19],[65,42],[-15,36],[-43,23],[-46,-22],[-57,-2],[-7,-12],[-30,11],[-14,-18],[-78,20],[13,-15],[-8,-16],[-75,4],[-19,-52],[-19,-1],[-7,26],[-19,-18],[-15,4],[4,22],[18,13],[38,2],[14,28],[43,8],[29,25],[38,10],[-19,19],[71,38],[-10,6],[29,18],[-104,-8],[25,17],[73,16],[6,16],[-13,19],[-41,12],[-108,-20],[-31,-48],[-19,-5],[-35,10],[53,37],[-2,16],[-21,1],[-34,-15],[-24,-38],[-47,-30],[-44,-22],[-36,0],[-79,-44],[12,22],[-24,15],[54,42],[44,56],[57,35],[3,54],[-11,15],[-74,-54],[-82,-23],[-38,-54],[2,-50],[-11,-19],[-29,-11],[3,-12],[-28,-25],[-48,0],[-129,-65],[-33,5],[8,27],[-10,8],[55,75],[0,35],[100,87],[198,48],[75,33],[46,48],[98,26],[42,27],[186,-35],[49,-20],[36,-38],[36,-5],[102,-50],[30,-5],[23,14],[76,-37],[54,4],[13,14],[66,-14],[22,12],[78,-28],[67,0],[33,20],[5,26],[-11,13],[13,4],[60,-38],[85,-31],[41,-1],[13,25],[-7,13],[52,-4],[34,15],[114,-45],[50,11],[211,-99],[226,-64],[73,-66],[78,-17],[35,-28],[57,-103],[31,-15],[87,-81],[43,-6],[54,51],[112,-46],[107,27],[40,-12],[12,-24],[92,-23],[36,10],[238,-89],[50,1],[109,-87],[148,-85],[73,2],[28,21],[9,52],[24,-20],[28,4],[59,-20],[91,-47],[32,-29],[39,-4],[77,-46],[133,-96],[28,-66],[92,-25],[113,-118],[59,-20],[46,-65],[-29,-37],[19,-75],[-11,-55],[50,-108],[162,-234],[95,-180],[148,-217],[27,-14],[47,-71],[17,-59],[107,-194],[259,-354],[94,-169],[-14,-145],[33,-168],[-30,-130],[-24,-5],[-21,-78],[-36,-32],[-98,-154],[-72,-39],[-77,9],[-40,-46],[-9,11],[-34,-2],[-52,-62],[-26,-9],[-27,22],[-28,-15],[-41,-63],[-37,11],[-63,-11],[-19,-17],[-92,-30],[-19,-29],[-87,-54],[-18,9],[-33,-5],[-64,-65],[-25,-52],[-50,13],[-56,-56],[-10,-25],[-33,-11],[-41,-44],[-26,-12],[-14,-28],[-125,-115],[-1,-43],[-48,-8],[-73,-47],[-51,24],[-22,49],[-40,20],[-58,-2],[-22,60],[-61,28],[-25,3],[-21,-20],[18,-47],[81,9],[-18,-31],[-48,4],[-6,-35],[-54,34],[-95,23],[15,-74],[-78,-17],[-7,-22],[23,-51],[26,7],[20,-17],[69,18],[19,-10],[40,4],[17,35],[59,18],[8,29],[18,13],[12,-7],[13,30],[55,4],[40,-33],[-45,-23],[-32,-36],[-23,-53],[-13,-103],[-84,-63],[-43,-74],[-10,-69],[-42,-31],[-15,-62],[-176,-37],[-37,-24],[-8,-30],[-87,-38],[-26,-1],[-17,29],[-13,-1],[-44,-45],[-4,-26],[-77,-11],[-26,11],[-20,-26],[-38,8],[-9,-9],[11,-9],[-22,-3],[-2,-18],[-13,7],[24,-103],[81,-25],[-2438,-667],[-1270,-406],[-1082,-231],[-649,-116],[-2550,-4333],[-48,5],[-41,-20],[-120,-1],[-133,41],[-114,16],[-150,-7],[-62,23],[-85,-22],[-30,7],[15,18],[-10,8],[-63,10],[-34,19],[-42,-2],[-80,-42],[-18,-35],[-53,-25],[-26,0],[-47,-26],[-127,-22],[-186,-64],[-141,-5],[-16,-11],[0,-20],[-56,-6],[-62,-53],[-14,5],[-28,64],[1,34],[-12,3],[-115,-69],[-36,-50],[-45,-9],[-118,-90],[-62,-26],[-35,-39],[-19,-47],[-65,-27],[-2,-25],[68,-42],[44,-134],[36,-29],[-74,-60],[-81,-92],[-59,-29],[-23,-32],[-11,-98],[-81,-31],[-16,-47],[-62,-15],[8,-41],[62,-47],[-40,-47],[-35,2],[-32,-25],[-55,-66],[-21,-53],[11,-39],[-119,-195],[-31,-67],[-2,-36],[-66,-57],[-22,-48],[-79,-45],[-19,-49],[-34,-34],[-146,-67],[-97,-68],[-31,-73],[-44,-51],[-74,37],[-96,-21],[-75,2],[-92,-47],[6,-63],[-15,-42],[-45,-76],[-34,-21],[6,-40],[-49,-113],[12,-63],[-62,-66],[-61,-21],[-7,-27],[17,-31],[-9,-60],[-66,-89],[40,-109],[-27,-44],[-15,-70],[3,-33],[22,-7],[1,-13],[-86,-58],[-134,13],[-39,-17],[-26,-31],[-26,-88],[-25,-23],[2,-20],[28,-16],[17,-30],[-45,-124],[-1,-32],[22,-66],[27,-34],[-120,-70],[-23,-28],[-30,-85],[0,-50],[-54,-75],[7,-129],[-56,-30],[-55,38],[-20,-11],[4,-91],[-41,-54],[-88,-84],[-48,-16],[-33,-27],[-107,-33],[-8,-33],[-63,-86],[5,-93],[-12,-29],[-262,-147],[-11,-34],[-27,-18],[-6,-121],[-12,-21],[-40,-19],[-52,-58],[-45,4],[-2,-16],[33,-47],[19,-161],[-22,-27],[-45,-20],[3,-80],[-29,-38],[7,-66],[-61,-41],[-18,-59],[-32,-1],[-27,-19],[0,-40],[-19,-31],[-146,-70],[-39,-2],[-41,-24],[-31,7],[-24,-55],[-11,-110]],[[52529,83906],[-46,-34],[-208,8],[-39,-11],[-86,-74],[-68,-24],[-80,-3],[-75,-46],[-34,-78],[-5,-51],[19,-198],[-25,-301],[-67,-238],[-28,-2],[-66,51],[-63,-2],[-42,-63],[-41,-106],[-75,-89],[-94,12],[-79,-52],[-269,-16],[-129,-27],[-48,-45],[-12,-57],[-52,-56],[-11,-114],[-24,-28],[18,-34],[-6,-17],[-54,-26],[-4,-18],[31,-20],[-2,-19],[-29,-26],[17,-41],[-35,-30],[-46,-15],[38,-21],[21,9],[22,-27],[-4,-18],[19,-34],[-16,-49],[45,-14],[-11,-51],[21,-18],[-8,-31],[45,-46],[13,-61],[89,-105],[100,-64],[58,-276],[63,-94],[127,-95],[67,-272],[67,-166],[118,-91],[161,-90],[129,-118],[55,-34],[107,-30],[55,-63],[-26,-116],[-45,-109],[-12,-72],[4,-147],[-41,-70],[0,-89],[-30,-66],[-23,-22],[-54,-10],[-72,-48],[-25,-70]],[[51729,79338],[-5,-35],[24,-167],[-37,-91],[4,-42],[58,-101],[9,-313],[-31,-52],[-33,-166],[-88,-69],[-65,-203],[-27,-32],[4,-43],[-35,-37],[-50,-16],[-44,-106],[2,-57],[-42,-30],[-18,-90],[-149,-53],[-101,-3],[-87,-27],[-74,4],[-113,-34],[-153,14],[-115,-88],[-83,-103],[-257,-146],[-119,-141],[-94,-38],[-141,-90],[-50,-6],[-12,-41],[-1,-85],[35,-73],[105,-105],[26,-95],[-30,-83],[-48,-49],[-1,-82],[-44,-152],[10,-135],[-119,-211],[-44,-44],[-10,-26],[6,-111],[-81,-74],[-53,-105],[-66,-38],[-38,-56],[0,-123],[-15,-17],[-163,-15],[-138,12],[-31,-12],[-53,-114],[-82,-51],[2,-46],[45,-67],[63,-41],[148,-194],[28,-11],[14,-46],[-27,-17],[-38,2],[-82,31],[-30,-6],[-25,-39],[-4,-58],[-58,-68],[-75,7],[-76,-67],[0,-69],[-16,-15],[-55,-9],[-5,-70],[-75,-4],[-45,13],[-20,-18],[-8,-38],[-126,-9],[-53,-63],[-186,-87],[-63,-72],[-108,-15],[-37,10],[-21,-14],[-16,7],[-31,-26],[-27,0],[-59,-54],[-25,-8],[-85,11],[-95,-31],[-13,-30],[-17,-7],[-70,15],[-4,32],[-51,-7],[-22,-19],[8,-30],[33,-20],[10,-35],[-17,-207],[27,-133],[23,-72],[41,-64],[78,-44],[75,-119],[20,-258],[109,-115],[58,-159],[75,-55],[202,-98],[49,-21],[28,7],[68,-10],[28,-17],[12,-39],[-4,-45],[26,-34],[-1,-51],[43,-45],[21,-119],[-4,-128],[-74,-263],[-37,-40],[-92,-154],[-52,-160],[-43,-37],[-23,-49],[-42,-34],[-53,-70],[-39,-102],[-41,-48],[-25,-11],[-28,11],[-46,-5],[-49,31],[-86,3],[-8,-46],[-61,-29],[-41,-51],[-8,-64],[-39,-12],[5,-109],[-12,-53],[40,-51],[-5,-25],[-132,-90],[-148,-146],[-203,-159],[-24,26],[10,129],[-28,75],[-36,30],[-72,15],[-152,61],[-52,0],[-48,-30],[-397,-338],[-64,-11],[-80,11],[-208,83],[-220,116],[-48,45],[-51,27],[-70,5],[-118,-32],[-32,8],[-29,33],[-92,56],[-54,20],[-119,-20],[-75,18],[-49,41],[-38,72],[-5,71],[-21,36],[-36,24],[-83,24],[-71,-8],[-75,-60],[-58,-10],[-37,23],[-46,46],[-1,18],[40,30],[0,22],[-43,36],[-27,84],[-44,50],[-51,4],[-32,14],[-30,41],[-7,56],[-81,108],[-217,103],[-90,20],[-51,61],[-63,35],[-148,27],[-106,-10],[-66,-22],[-66,13],[-25,-83],[-66,-79],[-122,9],[-58,-29],[-141,26],[-96,-4],[-86,14],[-73,-19],[-62,7],[-147,74],[-71,-62],[-126,6],[-22,11],[-22,74],[-86,64],[-35,54],[-51,233],[-51,59],[-41,9],[-67,52],[-45,83],[-40,43],[-42,13],[-43,-4],[-192,-89],[-140,-2],[-39,-17],[-20,-67],[-45,-52],[-43,-9],[-50,20],[-43,55],[-89,67],[-70,74],[-32,61],[-11,66],[18,265],[-23,47],[-67,17],[-57,-8],[-34,-19],[-64,-43],[-44,-49],[-62,-120],[17,-110],[-25,-104],[-151,-126],[-38,-4],[-63,33],[-165,180],[-92,45],[-73,9],[-86,-31],[-101,-77],[-27,-39],[-10,-57],[-20,-34],[-108,-73],[19,-76],[-27,-34],[-241,-39],[-112,11],[-78,-18],[-36,-43],[-18,-106],[121,-173],[20,-66],[-3,-46],[-50,-126]],[[39457,71141],[-6,23],[-11,-20],[-10,6],[0,-15],[-19,11],[-96,-110],[-47,-5],[-12,33],[-33,-2],[-33,53],[-42,35],[-21,-7],[-38,64],[-29,11],[-18,115],[1,-91],[15,-41],[-163,173],[-36,0],[-67,22],[-50,89],[-129,90],[19,321],[-4,181],[46,27],[13,41],[-8,-2],[-5,40],[-64,-11],[-37,25],[17,152],[29,105],[21,256],[78,159],[148,122],[64,10],[14,-11],[42,2],[24,-7],[15,-25],[-22,-41],[-6,-47],[-27,-22],[-14,-50],[-75,-41],[12,-24],[-7,-13],[14,-2],[0,-11],[5,13],[14,-2],[-6,-30],[13,3],[0,-28],[23,-11],[-13,26],[16,-13],[141,104],[30,8],[10,-23],[12,31],[-14,8],[21,20],[14,-8],[2,-27],[31,0],[9,22],[46,18],[-1,15],[36,20],[-10,11],[6,34],[120,23],[92,-22],[57,28],[1,37],[100,20],[14,27],[-19,0],[-2,11],[14,-6],[26,11],[-277,111],[27,24],[58,21],[55,55],[54,84],[62,159],[42,58],[38,12],[9,-6],[-16,-6],[40,5],[124,121],[-10,-44],[22,-9],[40,22],[57,10],[47,37],[-10,106],[37,48],[7,77],[81,65],[49,85],[57,50],[3,22],[88,31],[-5,17],[-90,-17],[-38,-38],[-20,13],[-3,57],[4,20],[18,7],[52,320],[35,325],[19,18],[120,33],[43,46],[-21,70],[-118,5],[-15,26],[29,205],[13,33],[36,25],[19,-5],[2,19],[-13,19],[17,134],[2,379],[-22,239],[20,97],[66,33],[-11,-46],[31,-33],[3,-38],[23,-20],[-21,-70],[3,-35],[26,-7],[20,23],[33,-35],[14,6],[-14,260],[22,27],[-54,23],[-35,38],[-8,-9],[-56,15],[7,18],[-33,-9],[7,-11],[-19,-9],[-29,18],[26,156],[-18,272],[7,26],[9,-6],[0,50],[17,18],[85,-13],[-14,-4],[88,-38],[4,-13],[14,7],[90,-39],[24,-2],[56,55],[-52,30],[-109,35],[-16,73],[-70,112],[-13,46],[53,18],[-4,14],[-14,-18],[5,37],[-10,-15],[-56,4],[-50,29],[-14,-25],[-42,9],[19,-24],[-5,-16],[-19,0],[14,-13],[12,5],[2,-23],[-49,16],[-36,42],[-110,28],[9,20],[54,34],[78,-1],[-41,55],[34,-7],[25,23],[-14,-5],[-21,29],[-9,-4],[-12,28],[61,-4],[21,29],[-2,17],[-15,0],[5,20],[-9,2],[-52,-35],[-40,-5],[-42,-33],[-14,-31],[-26,27],[-34,253],[-29,93],[-5,35],[10,2],[-25,36],[-16,70],[-16,7],[-12,28],[9,37],[33,34],[14,39],[56,26],[3,-12],[-17,-2],[-4,-22],[-14,-2],[29,-25],[-25,-17],[-6,-47],[11,25],[19,-7],[10,-18],[58,-19],[-2,-13],[46,-48],[20,15],[0,105],[-12,3],[-9,-18],[-9,44],[9,13],[-37,23],[-14,66],[-43,28],[14,27],[-5,26],[-34,-12],[-25,-39],[-24,1],[-17,19],[-48,284],[-21,11],[-19,55],[103,42],[14,69],[-16,4],[2,49],[63,62],[57,29],[28,55],[33,2],[42,-27],[55,-62],[43,21],[-1,27],[-26,-31],[-21,0],[-55,88],[-28,-15],[-26,3],[-9,14],[-61,-58],[-94,-26],[-47,-58],[-40,-18],[-55,24],[0,20],[-31,40],[-8,48],[18,31],[4,146],[-18,211],[8,-4],[8,29],[-18,174],[17,12],[-13,8],[-32,368],[30,47],[55,-36],[30,2],[33,84],[-36,115],[-47,24],[-52,-18],[-16,7],[-8,44],[-16,6],[20,20],[-17,44],[20,12],[-38,17],[-25,172],[2,73],[58,7],[-1,-98],[11,-33],[43,-41],[16,1],[78,-92],[26,2],[0,11],[-31,0],[-45,66],[-68,55],[-16,26],[15,83],[170,-81],[29,-39],[51,-15],[-42,20],[-12,27],[45,-25],[111,15],[12,-10],[33,-3],[-31,8],[7,18],[-11,75],[8,10],[20,-8],[-7,-35],[16,-24],[28,8],[8,14],[-2,46],[34,2],[-7,-47],[13,28],[-4,22],[-42,0],[3,-47],[-10,-17],[-19,-4],[-11,12],[5,42],[-8,14],[-30,-8],[2,-85],[-71,2],[5,20],[-10,-22],[-61,6],[49,77],[21,9],[-26,55],[-53,53],[18,7],[-24,0],[-39,30],[-1,34],[30,33],[-35,-18],[-1,-51],[65,-75],[25,-66],[-36,-64],[-19,-10],[-19,8],[-113,105],[-27,95],[5,9],[19,-9],[-64,115],[15,97],[57,37],[94,21],[34,-18],[96,-10],[38,56],[26,-50],[26,0],[-29,16],[-14,42],[-14,4],[54,-6],[0,8],[-38,7],[0,20],[-26,-25],[-11,31],[-10,-57],[-28,-33],[-75,41],[-15,20],[0,-24],[-44,-3],[-3,9],[-47,-11],[-96,-53],[-29,-58],[-8,-203],[-21,-39],[-61,-3],[-39,93],[15,128],[9,20],[21,6],[-12,42],[23,55],[2,73],[-11,-13],[-10,13],[16,-1],[-7,8],[19,6],[0,104],[16,2],[3,14],[-13,11],[-1,269],[14,0],[-11,-25],[45,-17],[17,-40],[3,9],[-28,55],[-9,55],[-39,49],[-17,44],[0,101],[21,55],[15,13],[22,-4],[10,-90],[47,4],[33,-123],[40,-17],[6,-30],[11,6],[27,-20],[-3,-20],[-22,-16],[-21,-70],[-21,-16],[10,-37],[-26,-11],[5,-23],[47,12],[-40,-3],[37,39],[-23,5],[2,18],[20,16],[13,50],[23,20],[13,53],[11,1],[13,-36],[-5,-42],[11,-15],[71,-15],[33,23],[54,-21],[-52,31],[-45,-19],[-59,13],[9,52],[12,-7],[28,31],[-28,-20],[-20,44],[8,7],[-33,18],[-61,5],[-13,14],[40,170],[90,-26],[-28,20],[-57,13],[19,35],[52,-14],[21,12],[-24,11],[3,-18],[-26,5],[-71,39],[-14,24],[16,89],[-29,15],[-30,40],[-16,26],[1,33],[14,14],[73,18],[28,23],[33,-1],[-37,4],[7,22],[-33,-36],[-92,7],[0,-14],[-31,-4],[-98,-68],[-52,16],[-63,45],[4,50],[13,9],[5,-11],[2,24],[-14,-4],[17,35],[84,51],[19,-16],[12,8],[14,-10],[51,2],[34,21],[-71,-21],[-28,32],[14,32],[16,1],[-11,2],[4,16],[23,28],[-42,-27],[-28,27],[52,64],[-11,42],[7,-31],[-29,-31],[-26,-15],[-38,6],[16,15],[-23,-8],[-1,-7],[41,-13],[-7,-66],[-18,-31],[-50,20],[-36,90],[-69,384],[23,54],[21,-5],[25,-42],[-6,-12],[45,3],[-17,-11],[9,-10],[24,25],[29,-11],[29,-44],[-2,-17],[11,2],[22,-35],[39,-27],[4,15],[-28,7],[-19,29],[-31,99],[57,14],[2,11],[35,-8],[8,17],[-41,-1],[-37,-17],[-50,4],[7,35],[-12,55],[47,-4],[0,-15],[29,15],[-7,20],[-24,7],[-16,41],[27,-21],[-10,52],[20,18],[-3,82],[-5,11],[-40,6],[-5,13],[-4,-33],[-43,-13],[-32,11],[-23,44],[-7,68],[-14,11],[-44,-51],[-52,-33],[-9,-24],[5,-87],[-47,-5],[-10,41],[-9,-16],[-19,15],[0,65],[-23,61],[11,17],[-10,55],[14,81],[-12,-12],[-76,84],[-31,6],[0,-22],[-11,2],[2,31],[-36,11],[-26,38],[-111,33],[-28,-7],[3,-27],[-22,2],[-9,27],[-43,4],[-16,-51],[-14,16],[-24,-9],[-82,-54],[6,-13],[-41,-68],[-9,4],[-1,40],[-45,37],[-23,-2],[-5,13],[-28,-2],[-15,15],[-49,14],[-21,-8],[-29,9],[-70,-28],[-54,14],[-90,0],[37,51],[-9,11],[21,18],[16,45],[38,17],[9,22],[8,-7],[29,27],[20,93],[48,24],[83,104],[-19,112],[-17,7],[23,32],[6,27],[-10,14],[15,19],[-9,9],[24,11],[-12,3],[7,66],[-20,42],[43,19],[7,20],[-12,104],[30,5],[9,39],[33,38],[2,33],[10,-1],[13,32],[53,51],[3,-23],[28,-3],[17,-60],[63,-3],[78,-22],[60,9],[150,66],[120,104],[25,53],[7,-11],[31,29],[184,53],[14,-27],[116,13],[52,-46],[-32,-32],[34,-7],[64,-77],[137,-33],[10,2],[-12,15],[181,72],[42,37],[6,-18],[38,38],[65,152],[-8,20],[-21,9],[21,22],[2,40],[50,-7],[18,7],[5,22],[16,-3],[13,52],[-29,13],[21,10],[-5,38],[12,31],[23,-19],[13,-34],[54,11],[52,46],[0,-19],[5,32],[110,120],[82,138],[11,-9],[2,44],[17,-2],[-8,-45],[71,34],[-49,-3],[-7,12],[16,1],[3,13],[-18,16],[15,13],[15,-10],[-3,-12],[47,26],[48,75],[42,106],[11,2],[15,152],[-32,166],[2,81],[14,23],[37,4],[2,-11],[-12,-2],[17,-9],[-8,-26],[13,-9],[-19,-9],[21,0],[0,-24],[24,-18],[4,-90],[43,-97],[-20,-11],[20,-35],[15,-4],[-23,32],[16,20],[-44,115],[8,-9],[4,42],[20,1],[54,-31],[14,6],[-109,70],[0,22],[36,11],[15,42],[-25,38],[19,7],[4,-11],[10,-1],[-10,5],[10,13],[-6,15],[-30,0],[-18,27],[-4,39],[22,53],[12,0],[-19,22],[-19,-9],[-7,9],[-3,53],[-9,4],[-5,-39],[21,-30],[12,1],[3,-24],[-44,-51],[-1,-44],[-45,26],[-74,190],[-40,42],[-13,-11],[-2,27],[-16,16],[20,-14],[-2,56],[40,22],[-52,-20],[4,-33],[-34,13],[-22,-11],[13,53],[-5,77],[-38,45],[-19,-7],[15,18],[29,-7],[-1,9],[-22,5],[-36,-23],[-18,7],[23,5],[-24,8],[-27,-37],[-19,8],[9,71],[-19,13],[17,11],[-17,26],[-33,-13],[5,20],[-15,2],[25,73],[-8,15],[-29,-6],[7,26],[25,7],[-4,22],[-26,14],[-33,-3],[-4,-33],[-48,13],[42,53],[-16,39],[6,51],[-21,37],[-17,9],[-7,99],[-28,20],[19,26],[9,-6],[21,18],[-10,20],[10,24],[-33,29],[14,13],[-21,9],[12,24],[-31,6],[7,7],[-19,9],[9,15],[-31,38],[-16,6],[-21,-13],[-7,37],[-15,7],[5,11],[21,-11],[14,40],[-33,59],[-14,-4],[-12,11],[14,19],[6,-8],[3,17],[-16,29],[-19,2],[9,33],[-26,11],[0,16],[14,-3],[-26,20],[-6,22],[13,27],[-16,4],[2,31],[-19,9],[9,13],[-30,57],[13,33],[-20,66],[-63,53],[2,22],[-18,9],[-3,26],[-45,20],[9,71],[14,13],[-12,7],[5,26],[13,5],[-17,30],[0,53],[-41,60],[-36,-3],[-5,24],[-23,5],[4,70],[-40,19],[7,-85],[26,-36],[-4,-18],[47,-130],[11,-237],[27,-44],[-46,47],[-65,6],[26,44],[-8,20],[-17,4],[2,13],[-14,3],[7,28],[-14,-4],[-26,31],[7,6],[10,-10],[-3,12],[18,5],[3,26],[-19,0],[4,17],[-11,5],[-14,-13],[-14,11],[-5,22],[19,11],[-24,29],[9,19],[-18,-4],[-8,15],[-2,11],[21,7],[-26,13],[0,33],[-12,9],[14,7],[-180,195],[-194,150],[-146,130],[7,8],[26,-22],[22,2],[13,11],[-1,56],[12,6],[-24,-6],[-11,-50],[-13,-1],[-11,30],[-30,-23],[-23,29],[9,27],[-13,33],[-60,71],[-42,11],[-41,96],[-44,5],[-10,26],[9,11],[-19,7],[-1,39],[-20,22],[-17,-2],[5,11],[-14,13],[-14,0],[12,22],[-27,22],[-19,60],[-28,11],[-31,55],[16,26],[-26,35],[-1,36],[-21,13],[12,26],[-23,2],[-34,27],[-9,42],[22,39],[-5,38],[21,35],[3,58],[41,59],[-7,88],[23,42],[-14,7],[15,11],[-7,9],[20,6],[26,94],[-18,122],[21,27],[-10,40],[19,16],[-28,60],[7,10],[-19,101],[-22,33],[33,4],[13,-17],[-2,-50],[66,-66],[18,-35],[-10,-27],[22,-23],[101,-19],[93,17],[29,-16],[-5,-15],[42,-42],[52,-134],[136,-160],[56,3],[42,21],[8,29],[20,13],[-4,112],[-17,14],[-31,-3],[85,103],[29,19],[66,100],[-4,50],[-35,35],[25,29],[-5,64],[45,95],[17,106],[-2,95],[-14,20],[53,42],[15,62],[14,0],[-6,95],[-87,101],[-64,-7],[3,-29],[-28,-7],[2,-15],[-9,4],[-12,11],[8,27],[-20,4],[-19,53],[-26,11],[-15,29],[-47,25],[-12,-4],[3,-20],[-22,-6],[3,-13],[-22,37],[-21,2],[0,27],[16,44],[47,34],[45,-12],[3,-15],[63,-2],[41,-26],[45,22],[30,42],[-7,4],[9,20],[-2,-13],[32,-7],[6,-24],[14,2],[12,-30],[24,-15],[40,8],[-3,11],[38,12],[38,30],[-8,122],[-16,11],[-27,-11],[-7,66],[-26,24],[2,20],[-35,-9],[7,31],[-45,-1],[-5,14],[26,37],[2,-10],[11,4],[6,13],[19,-16],[26,-1],[33,26],[4,47],[14,4],[-2,42],[-6,29],[-23,11],[-2,15],[16,2],[7,38],[-9,-2],[14,31],[67,6],[25,43],[2,35],[-12,50],[-29,13],[-2,25],[-40,13],[9,29],[-17,4],[10,9],[-7,30],[21,29],[31,-6],[76,57],[5,51],[62,27],[14,46],[-7,16],[10,6],[-3,55],[21,56],[-17,13],[16,-5],[29,31],[-8,58],[17,-3],[12,34],[38,15],[6,62],[-50,121],[-26,-2],[-14,11],[-3,40],[-40,41],[-19,-2],[-5,26],[-52,28],[-50,6],[-35,-25],[-50,40],[-12,-1],[-9,-24],[-36,11],[-24,48],[-21,2],[-5,20],[-9,-4],[-5,31],[46,9],[-1,66],[-34,4],[7,15],[-28,9],[-33,48],[-22,-2],[0,16],[-64,21],[-19,40],[-75,13],[19,13],[-3,22],[-21,33],[-19,5],[35,4],[-4,60],[-22,28],[-29,5],[7,15],[-14,9],[13,17],[-23,38],[12,-11],[21,20],[45,2],[24,60],[-27,59],[-61,7],[-3,44],[22,9],[-8,8],[33,5],[8,31],[-60,83],[-74,33],[-38,1],[-21,-30],[-33,4],[-4,-26],[-14,-3],[-31,23],[10,57],[-13,27],[-31,13],[-36,35],[-91,36],[-84,-2],[-153,-38],[-15,22],[8,-27],[-83,-27],[70,81],[-32,-1],[-19,-13],[-36,5],[-40,-33],[-42,10],[-26,-20],[-45,-7],[-5,-11],[10,-12],[7,10],[2,-20],[-25,-35],[9,-14],[-23,-13],[7,-15],[-26,-16],[7,-77],[-11,-38],[-32,-37],[11,-51],[-24,-20],[12,-22],[24,9],[7,-20],[36,3],[-19,-14],[12,-15],[-7,-20],[-57,33],[-22,-5],[2,11],[-32,9],[-22,31],[-61,-25],[-8,-20],[21,-44],[-27,-13],[4,24],[-23,9],[14,31],[-16,4],[-12,24],[-22,-2],[3,9],[-33,-11],[31,24],[-3,22],[-24,7],[9,26],[-21,-7],[7,25],[-12,4],[36,11],[-8,31],[-16,2],[14,33],[-29,53],[-26,7],[29,9],[-3,18],[14,1],[-3,23],[24,17],[10,38],[-31,50],[-19,84],[-18,27],[-26,-1],[-35,69],[15,68],[-28,35],[9,33],[-18,-4],[4,35],[-38,44],[-35,15],[6,33],[-30,9],[9,24],[-21,5],[0,13],[-26,13],[24,22],[-12,55],[12,-1],[-11,12],[-26,-4],[-7,46],[-19,-22],[0,24],[14,2],[-7,47],[14,6],[2,-8],[5,13],[-12,8],[-35,-15],[23,68],[-14,0],[-26,33],[-38,9],[4,22],[-16,4],[-5,27],[-7,-16],[-17,9],[-19,60],[-24,24],[-9,-14],[-17,9],[18,20],[-11,29],[-43,22],[-14,22],[-24,6],[-16,-13],[-5,35],[-21,-5],[16,22],[-12,-2],[3,16],[-10,-9],[-33,20],[-12,28],[-57,36],[-26,3],[-17,25],[-113,65],[-10,-10],[-21,8],[12,15],[-29,-11],[-85,26],[-4,-15],[-10,24],[-40,18],[-48,0],[0,-14],[-26,11],[-12,17],[15,16],[-24,17],[-1,49],[-23,2],[11,22],[-29,15],[19,5],[-4,15],[-26,10],[-90,5],[-78,-33],[1,-78],[-28,-28],[5,-44],[-15,-3],[5,-20],[-14,-11],[12,-44],[-4,9],[-19,-7],[18,-22],[2,-30],[-20,-20],[3,-18],[-26,13],[-24,-7],[-12,53],[-41,13],[-9,-11],[12,42],[-3,22],[-14,9],[10,24],[-20,9],[5,26],[-17,5],[12,-2],[0,19],[26,31],[-29,38],[-14,53],[-26,28],[-24,7],[10,39],[-13,5],[0,17],[35,42],[-14,27],[20,13],[-13,24],[23,40],[-9,27],[18,46],[31,22],[28,-13],[30,40],[-4,51],[-19,0],[16,37],[-21,22],[-3,33],[27,14],[-8,28],[-19,7],[83,15],[35,43],[38,6],[22,62],[40,18],[9,-11],[-9,-33],[48,20],[29,-6],[90,106],[6,79],[-68,216],[-95,136],[-3,25],[-31,8],[-45,42],[-5,22],[15,28],[26,-24],[-11,11],[-12,111],[-61,46],[0,19],[-12,-8],[-86,28],[-16,33],[21,-4],[-5,8],[-31,7],[-39,52],[-4,14],[12,6],[-31,9],[7,73],[21,51],[-14,-3],[-12,38],[-47,-34],[-7,-26],[31,2],[-7,-20],[-29,-6],[0,-18],[-45,9],[17,11],[0,22],[-48,37],[-21,46],[-50,22],[-7,18],[-33,-16],[2,15],[-19,0],[7,11],[-21,-2],[15,18],[-14,13],[3,16],[25,8],[-1,27],[-12,-14],[-38,7],[0,35],[-7,-11],[-24,13],[-9,-33],[-12,9],[2,-18],[-16,-5],[-31,27],[-33,0],[-14,11],[2,17],[-17,3],[-7,-31],[-14,0],[17,-42],[75,-53],[18,-39],[-191,170],[-24,42],[-23,11],[-27,77],[-40,40],[-4,33],[-94,103],[-24,-3],[-10,35],[-108,22],[-5,-33],[-26,27],[-19,-45],[-11,2],[-9,24],[8,14],[-17,2],[3,11],[-29,-12],[-4,27],[-17,-4],[1,-27],[-12,2],[-36,51],[9,2],[-4,18],[-29,4],[0,18],[-19,-3],[18,22],[-4,23],[-52,10],[-10,38],[14,2],[3,13],[-22,41],[9,23],[-35,0],[-6,33],[-23,24],[-48,-14],[-7,10],[-38,-39],[-22,6],[7,12],[19,0],[5,30],[-9,1],[14,6],[-25,9],[10,30],[-10,20],[-41,4],[-43,-16],[-10,11],[7,11],[-23,3],[17,25],[-19,11],[20,18],[-23,37],[-64,5],[-10,28],[14,22],[-14,10],[-41,-22],[-37,49],[1,25],[-26,14],[-5,18],[-50,-17],[-11,12],[40,46],[651,2091],[12,-29],[56,-28],[52,20],[21,-12],[0,31],[24,21],[106,4],[41,-81],[46,-24],[137,-11],[47,7],[23,18],[20,-11],[37,55],[64,-19],[40,40],[75,43],[140,158],[-4,29],[108,55],[25,29],[-12,107],[-66,71],[-59,105],[-15,64],[-48,74],[-19,73],[-55,35],[-16,69],[-29,32],[-13,77],[26,28],[-25,13],[13,74],[-42,10],[-7,16],[-46,1],[-2,11],[46,41],[-50,-1],[-13,12],[0,27],[29,60],[38,42],[-8,45],[21,36],[-66,69],[19,107],[-4,71],[42,21],[-26,34],[0,27],[14,25],[31,14],[9,31],[50,6],[4,51],[16,9],[2,50],[13,16],[13,4],[6,-28],[18,-14],[120,-26],[190,0],[45,-60],[7,-40],[61,-21],[80,-100],[138,-59],[25,-29],[4,-24],[57,-19],[20,-163],[64,-93],[16,-105],[37,-62],[1,-65],[44,-33],[5,-49],[41,-50],[44,-96],[73,-65],[-1,-35],[-35,-66],[-7,-58],[40,-12],[28,-25],[71,0],[36,-24],[47,-119],[43,-61],[78,-5],[70,-45],[22,1],[36,23],[48,70],[69,31],[42,117],[90,57],[3,27],[34,31],[34,61],[-14,78],[11,42],[70,33],[20,71],[33,5],[11,-14],[0,-59],[70,-58],[119,-7],[43,131],[10,151],[35,70],[4,80],[43,26],[51,54],[48,91],[0,47],[-40,65],[29,34],[11,70],[15,-3],[29,-50],[100,14],[54,-9],[34,11],[-2,90],[39,139],[143,130],[40,141],[30,7],[10,-25],[21,-5],[12,58],[58,4],[38,33],[21,168],[33,82],[33,24],[-90,106],[-7,24],[81,57],[21,2],[12,-62],[43,-33],[190,0],[91,-33],[61,0],[23,11],[5,100],[-73,127],[-8,56],[-104,98],[15,105],[-58,69],[46,104],[110,1],[45,29],[13,116],[30,9],[6,47],[25,53],[8,90],[-23,41],[31,51],[123,18],[77,74],[39,10],[92,56],[106,-39],[104,-17],[23,10],[64,68],[88,27],[166,-3],[9,15],[81,16],[87,-57],[49,0],[18,13],[9,32],[39,20],[47,-16],[35,8],[18,-13],[55,19],[66,-35],[36,-2],[-20,100],[33,35],[88,-4],[50,-55],[73,9],[10,16],[-58,37],[-23,42],[-70,14],[-15,61],[-79,65],[9,36],[47,14],[28,26],[45,9],[76,-29],[107,-64],[43,-9],[17,11],[-126,59],[-152,126],[-123,69],[-22,33],[-48,13],[-35,41],[-72,39],[-108,104],[0,19],[36,19],[-38,29],[-43,63],[-22,1],[-22,-25],[-32,-9],[-71,30],[35,25],[11,45],[69,8],[33,22],[-5,16],[-68,21],[7,40],[-28,40],[1,70],[43,37],[-56,37],[74,41],[32,49],[9,70],[-50,107],[-19,71],[-62,89],[6,54],[-12,46],[19,30],[24,-10],[11,8],[-7,39],[-52,41],[-138,66],[-89,59],[2,14],[62,17],[-27,91],[47,-6],[17,13],[4,33],[-51,89],[9,12],[-68,34],[-33,79],[-29,18],[-10,20],[-46,21],[-52,-5],[-22,20],[-12,36],[4,131],[-96,129],[1,21],[58,38],[4,22],[-89,76],[-7,38],[-45,23],[-16,28],[-92,-20],[-28,-53],[-140,25],[-27,123],[-32,12],[-35,59],[-95,72],[-31,138],[-20,30],[29,115],[35,39],[-7,101],[-97,60],[-56,-2],[69,99],[-6,105],[36,80],[-1,62],[-30,66],[-35,37],[-50,10],[-18,-9],[-5,29],[-52,57],[-23,64],[-57,50],[-9,79],[-80,107],[3,22],[-29,35],[-2,33],[-51,45],[-47,17],[-32,48],[-241,-37],[-87,13],[-2,40],[24,35],[-19,47],[1,85],[-93,117],[86,29],[-4,52],[32,78],[-28,148],[29,78],[52,18],[39,74],[22,-9],[23,-44],[19,-9],[28,17],[9,14],[-29,115],[19,23],[31,12],[4,28],[47,41],[53,8],[53,-23],[61,-6],[31,16],[8,20],[-1,52],[-39,27],[-59,98],[13,27],[32,-17],[11,-25],[19,8],[-58,93],[-40,112],[-22,18],[4,86],[123,50],[28,-2],[61,-55],[8,-26],[45,21],[16,-24],[68,-29],[58,32],[-25,22],[-25,89],[-3,55],[31,73],[-9,40],[17,-19],[33,0],[4,26],[26,-5],[8,9],[-17,-107],[-14,-15],[-23,13],[-7,-6],[-10,-23],[6,-29],[23,-6],[36,24],[35,-3],[9,-19],[66,-52],[23,-40],[-18,-79],[40,-54],[-1,-33],[24,-2],[37,-28],[36,-4],[10,-19],[43,25],[5,-21],[-27,-30],[41,-29],[24,-95],[67,-36],[20,-3],[9,15],[-8,-31],[12,4],[12,-14],[-11,-23],[20,-33],[46,-8],[9,-19],[32,-10],[40,-52],[0,-33],[22,-3],[9,20],[36,-27],[17,-35],[-6,-31],[55,-39],[-3,-15],[31,-39],[7,-46],[-13,-93],[71,-86],[-12,-38],[15,-45],[-17,7],[-15,-16],[-25,-53],[2,-26],[24,-34],[175,-102],[41,-159],[545,-297],[185,-37],[26,4],[28,24],[2,-48],[74,-89],[27,1],[12,-18],[18,11],[24,-23],[40,-13],[57,0],[15,-36],[34,1],[25,-70],[-8,-50],[26,-32],[27,-7],[10,-34],[20,-15],[29,-7],[14,8],[9,-42],[28,-31],[-38,5],[-18,-31],[-14,-1],[7,-48],[49,-49],[24,-9],[39,-74],[63,-34],[45,-48],[8,-63],[47,-67],[101,-44],[12,-42],[-31,-28],[38,-53],[4,-61],[82,-61],[-1,-36],[67,-39],[44,-51],[7,-34],[22,-4],[15,-19],[26,-43],[-2,-20],[26,-20],[25,-53],[-1,-22],[33,-24],[-1,-10],[214,-25],[247,34],[48,-4],[13,12]],[[37072,96497],[-236,227],[-245,186],[17,9],[5,-11],[4,11],[8,-20],[47,-31],[-5,-8],[14,2],[-4,-16],[35,-8],[5,-16],[14,5],[57,-49],[26,1],[-2,-18],[19,7],[14,-29],[29,-8],[12,-27],[45,-2],[-14,-22],[14,0],[14,25],[48,-110],[152,-112],[-47,-4],[-26,18]],[[52094,63835],[-22,-17],[-4,-38],[-26,-35],[-53,-18],[-142,55],[-230,69],[-98,-29],[-80,17],[-47,-19],[-42,19],[-70,-5],[-49,25],[-24,61],[-32,10],[-79,-10],[-40,-25],[-104,10],[-43,-27],[-50,-7],[-28,20],[-75,101],[-38,129],[-98,91],[-114,68],[-288,25],[-91,-11],[-38,8],[-66,39],[-100,28],[-99,-4],[-64,-29],[-109,-15],[-47,14],[-131,-4],[-134,60],[-82,-12],[-69,5],[-303,88],[-12,26],[-61,30],[-21,47],[-30,13],[-124,8],[-131,37],[-55,57],[-35,18],[8,12],[-8,13],[-30,2],[17,-30],[-27,-28],[6,-41],[-21,-8],[-28,36],[-12,-1],[-1,-71],[-11,-15],[-30,22],[-9,59],[-43,5],[-1,-28],[21,-26],[21,-75],[-34,-42],[7,-61],[-26,-9],[-33,14],[-15,74],[-36,24],[-13,-10],[-4,-62],[-35,-39],[0,-14],[26,-18],[165,12],[17,-14],[-14,-30],[-18,-4],[-67,26],[-32,-7],[-14,-26],[5,-29],[21,-30],[26,30],[86,-3],[8,-17],[-26,-22],[7,-37],[68,-7],[34,-15],[-20,-53],[47,-37],[-34,-41],[8,-42],[18,-16],[-13,-14],[-79,55],[-19,-7],[2,-28],[53,-11],[27,-15],[8,-20],[-50,-24],[-28,49],[-49,8],[-2,-21],[43,-24],[12,-21],[-53,-24],[-8,-50],[41,-7],[48,24],[-37,-43],[-21,-100],[-19,15],[5,53],[-16,14],[-30,-10],[9,-36],[-44,-55],[-18,-3],[-14,42],[-21,6],[-22,-59],[4,-40],[-45,-11],[-24,-40],[17,-24],[31,18],[29,-2],[-7,-48],[19,-35],[-3,-24],[-31,-41],[6,-18],[46,-34],[8,-58],[-19,-9],[-16,58],[-34,13],[-39,-42],[49,-19],[0,-25],[-79,12],[-9,-15],[21,-60],[-45,11],[-26,-10],[-2,-20],[23,-33],[49,-6],[4,-72],[-34,1],[-11,46],[-27,11],[-58,-22],[-59,13],[-15,-12],[11,-9],[37,5],[43,-15],[-16,-14],[-36,9],[-26,-7],[9,-30],[34,-31],[-4,-28],[-16,-8],[-34,28],[-68,10],[-27,-11],[1,-49],[21,12],[2,25],[21,0],[52,-33],[-16,-37],[14,-33],[49,19],[38,-16],[-4,-21],[-21,-20],[-36,20],[-27,-30],[-40,-20],[-16,16],[5,70],[-17,10],[-10,-38],[-33,-3],[-18,-17],[23,-50],[-2,-26],[-19,-12],[-28,24],[-19,-6],[-19,-28],[-4,-36],[-20,-7],[-11,12],[12,35],[-12,14],[-38,-42],[-36,37],[-41,-37],[-35,21],[-25,32],[19,28],[-2,23],[-54,12],[10,56],[-26,32],[-16,-4],[-39,-17],[-8,-23],[48,-61],[0,-19],[-28,3],[-14,37],[-13,3],[-48,-28],[-44,7],[-19,-22],[39,-68],[-32,-39],[-43,37],[-35,-15],[9,-22],[64,-41],[-7,-24],[-64,-23],[-43,46],[-29,-51],[-59,12],[-19,39],[-73,66],[-7,40],[19,42],[-5,27],[-24,54],[-34,29],[-24,-6],[-92,-80],[-11,-45],[-41,-57],[-70,-36],[-102,-16],[-24,13],[-70,-3],[-46,18],[-40,60],[-83,31],[-55,54],[-220,1],[-74,48],[-95,90],[-47,123],[5,57],[61,129],[-36,166],[-22,37],[-57,48],[-7,71],[-16,29],[-74,76],[-41,83],[-40,22],[-39,-27],[-50,1],[-19,-65],[-37,12],[-66,-70],[-104,-59],[-38,-8],[-125,23],[-127,-3],[-97,-26],[-87,39],[-50,-1],[-47,-26],[-55,10],[-49,-12],[-88,-49],[-56,4],[-103,-28],[-43,-118],[-9,-73],[16,-52],[-33,-193],[-100,-67],[-9,-27],[9,-96],[-37,-48],[-75,-64],[-116,10],[-93,27],[-97,2],[-58,74],[3,60],[-92,38],[-27,82],[-45,49],[-35,-11],[-120,10],[-53,20],[-104,85],[-73,-14],[-155,50],[-39,-18],[-39,4],[-55,24],[-86,65],[-22,-2],[-15,16],[-37,-12],[-3,16],[22,21],[-14,14],[-27,-29],[-52,10],[-15,16],[-32,0],[-30,-16],[-12,-21],[-52,-15],[1,-18],[-62,-68],[-124,-69],[-33,23],[-13,45],[-39,26],[-28,1],[-25,-31],[-12,16],[-58,4],[-12,43],[-10,-18],[-36,1],[-15,-20],[28,-16],[-8,-41],[-42,8],[-17,-30],[-13,-2],[-29,29],[-20,2],[-4,-54],[-73,-39],[-16,-36],[-39,-17],[-36,9],[-23,-43],[2,-44],[-46,5],[-24,32],[3,-61],[-12,-24],[-44,-9],[-26,20],[-26,-10],[-49,9],[14,-39],[-28,-26],[-13,-35],[25,-1],[8,-28],[-106,-74],[-20,37],[-40,-5],[-6,-23],[30,-19],[-13,-24],[-105,74],[17,58],[-18,29],[-25,-15],[-7,-63],[-27,-21],[-14,3],[-6,63],[-43,48],[-20,47],[-25,10],[-40,-15],[-26,64],[-26,-20],[-9,-46],[-21,-20],[-20,16],[6,54],[-57,-13],[-32,7],[-18,43],[28,41],[81,3],[5,30],[-20,65],[-24,0],[-30,-25],[-47,4],[-99,56],[-45,48],[-94,46],[-32,-5],[-11,-18],[7,-57],[-10,-20],[-35,-11],[-47,22],[-9,-82],[-18,-22],[-72,-29],[-36,-67],[-14,-6],[-75,43],[-79,0],[-31,48],[23,119],[-62,56],[-71,25],[-41,36],[19,36],[-26,99],[35,34],[-2,37],[-95,93],[-22,8],[-92,-11],[-30,49],[-3,59],[-58,41],[-27,47],[10,54],[-124,99],[-64,-22],[-25,-29],[-55,-2],[-30,-29],[-36,-5],[-27,-49],[-1,-36],[-76,39],[-52,1],[-23,-15],[8,-34],[69,-28],[8,-30],[-68,-5],[1,-20],[20,-17],[0,-37],[-84,-60],[-42,-6],[-144,109],[-19,4],[-384,-33]],[[38485,63782],[1,59],[-35,44],[13,83],[130,179],[327,393],[32,15],[12,-25],[19,6],[42,-13],[5,44],[-21,4],[30,89],[46,39],[118,63],[250,240],[48,23],[-31,-55],[-59,-36],[-68,-80],[107,91],[34,-5],[34,29],[84,22],[19,-27],[24,15],[-9,22],[76,108],[17,4],[-29,48],[12,44],[52,36],[80,87],[77,138],[43,20],[-5,29],[63,157],[73,103],[4,125],[-20,14],[-38,79],[5,36],[69,35],[77,86],[107,90],[48,62],[28,9],[57,90],[-26,30],[9,26],[250,301],[24,22],[49,16],[205,37],[16,-8],[99,44],[110,20],[87,41],[18,-12],[-1,-22],[-35,19],[-12,-6],[7,-19],[-17,13],[5,-9],[-7,7],[-45,-16],[2,-13],[66,-3],[41,-22],[21,12],[142,130],[-8,20],[13,17],[51,38],[10,-21],[30,70],[28,7],[0,-17],[35,-23],[52,75],[26,194],[15,36],[28,9],[-27,87],[25,48],[44,-1],[35,-26],[-2,-17],[8,11],[117,-60],[91,-8],[41,-27],[37,-3],[5,25],[-20,20],[16,11],[-104,34],[-67,102],[-1,185],[16,-4],[9,-34],[-2,34],[-53,13],[-12,45],[25,27],[-45,38],[-128,-154],[1,-20],[-25,2],[-65,426],[-7,93],[21,83],[13,31],[23,9],[3,-26],[54,-44],[140,63],[33,47],[20,1],[105,-54],[128,4],[-40,27],[-19,40],[6,11],[37,5],[64,-20],[-26,25],[15,10],[-15,6],[13,11],[-81,2],[-21,21],[7,19],[59,42],[108,-30],[-42,22],[-1,18],[24,13],[-27,0],[-30,32],[6,40],[-33,32],[-17,-15],[-35,4],[-24,46],[0,114],[-15,16],[49,4],[33,-23],[58,-102],[87,-15],[-3,24],[-48,21],[0,16],[-13,-3],[-20,19],[-46,67],[120,71],[80,1],[62,-23],[6,41],[-33,13],[-17,115],[48,46],[18,64],[33,4],[45,-38],[11,10],[-14,36],[9,25],[133,48],[105,-18],[0,27],[25,16],[5,20],[23,-17],[47,-81],[-46,111],[20,20],[73,-4],[31,122],[-31,9],[0,11],[14,-2],[4,31],[-16,1],[-41,50],[70,22],[18,-6],[4,-28],[23,65],[-17,6],[4,14],[27,11],[5,24],[-10,30],[-65,-23],[-15,6],[4,18],[-40,21],[8,-52],[-47,-40],[-24,6],[-12,23],[-40,-14],[-16,12],[-38,1],[-47,-17],[-26,8],[-28,33],[54,-2],[25,12],[-13,10],[-33,-8],[-14,15],[17,15],[-17,15],[-9,-18],[-6,30],[-11,3],[-6,-18],[-15,13],[13,-28],[-10,-15],[-82,-17],[-11,-12],[-59,14],[23,-11],[-21,-27],[17,-1],[12,20],[15,-8],[-12,-5],[6,-16],[24,16],[9,-12],[3,19],[5,-19],[31,-5],[-1,-16],[-20,8],[-18,-8],[40,-14],[10,-31],[-28,-23],[-10,40],[-21,-2],[-23,23],[-3,-11],[-9,6],[-9,-17],[14,1],[-24,-16],[-9,-57],[-49,-114],[-93,-1],[-18,-23],[-17,-1],[-2,-15],[-77,19],[4,-26],[-116,-83],[-15,-22],[-44,-23],[-11,8],[-29,-18],[-44,-1],[-29,-62],[-17,-9],[-14,4],[3,26],[-30,2],[-47,-26],[-55,14],[1,29],[-17,-22],[8,-11],[54,-16],[20,-21],[-46,-98],[-37,2],[-88,62],[-13,-8],[-53,16],[-18,-12],[-13,-41],[-72,17],[-13,-7],[-47,19],[-6,-15],[-29,6],[-9,-16],[15,-19],[-18,-16],[-98,52],[-86,-22],[-21,-40],[-23,-7],[-5,31],[-24,-7],[-11,11],[-10,-11],[-5,33],[-28,11],[-20,-17],[20,-5],[-12,-18],[-42,18],[-7,16],[-17,2],[-9,15],[7,18],[-12,6],[-21,-20],[-21,9],[-7,22],[-12,-31],[-54,16],[-19,52],[-12,3],[2,26],[-11,13],[-31,-4],[-7,37],[-26,14],[-5,19],[-85,24],[-10,40],[7,49],[-13,24],[49,2],[14,13],[19,-2],[-12,-20],[25,7],[3,20],[24,11],[-21,11],[-2,18],[25,13],[28,65],[45,1],[40,53],[30,0],[-33,9],[-28,31],[19,-48],[-66,-4],[-89,52],[-12,-7],[5,9],[-12,-5],[5,-8],[-33,-9],[-34,46],[-28,9],[-7,26],[-19,-24],[-19,9],[5,26],[-9,-46],[-33,-19],[-31,1],[-12,77],[26,7],[7,31],[-20,79],[34,0],[7,-10],[-2,12],[37,36],[-2,68],[-31,57],[-12,65],[28,-1],[9,35],[12,-11],[23,8],[-3,22],[65,-3],[-7,9],[21,6],[33,-18],[-25,1],[2,-15],[-21,-1],[-35,-30],[-6,-33],[17,26],[64,34],[-7,-36],[9,-2],[12,35],[23,11],[-17,0],[-2,11],[26,6],[-26,-1],[-33,39],[57,45],[22,46],[-7,38],[55,28],[5,-13],[11,2],[-3,-48],[25,-5],[-19,5],[19,9],[-15,4],[17,22],[-5,31],[24,7],[30,-53],[12,2],[-9,51],[22,17],[-13,11],[14,8],[75,-3],[-9,-15],[12,-4],[11,15],[-14,-22],[12,-6],[17,19],[16,0],[9,-15],[-11,-15],[35,8],[-5,-19],[26,6],[5,-13],[-14,-16],[-24,12],[-21,-10],[36,-12],[32,8],[-11,-35],[-21,-7],[0,-11],[-36,2],[-14,-22],[-40,6],[52,-19],[-23,-16],[2,-22],[-47,9],[-9,-13],[4,-14],[26,21],[39,-18],[-47,-51],[8,-35],[3,15],[8,-4],[-8,26],[35,5],[-2,22],[14,11],[23,3],[30,-16],[-4,17],[-9,-6],[-22,20],[44,15],[3,9],[-35,0],[26,48],[17,-4],[6,24],[52,20],[-2,-13],[63,8],[-2,-32],[12,-15],[30,4],[11,18],[-14,17],[20,16],[7,26],[-17,-11],[-9,24],[-33,-15],[-18,31],[6,17],[-17,-6],[-4,15],[-24,-9],[12,-6],[-9,-16],[-40,-11],[27,36],[-11,14],[20,12],[-25,-9],[-19,11],[5,10],[40,12],[21,-24],[-7,-7],[26,-4],[2,20],[10,-2],[-5,11],[-16,-5],[4,31],[22,-4],[37,21],[23,-19],[15,37],[50,12],[6,31],[38,14],[35,42],[59,9],[9,12],[-14,18],[14,22],[-24,7],[5,20],[58,37],[-2,16],[14,-7],[0,33],[47,16],[7,17],[-61,9],[2,24],[24,14],[42,-5],[0,18],[36,2],[-22,7],[9,12],[-49,-2],[-11,16],[28,-4],[14,66],[44,8],[33,-10],[0,13],[3,-12],[35,6],[0,26],[-33,8],[-19,25],[-49,-15],[4,15],[-14,11],[-44,-22],[0,-11],[-31,17],[-59,-4],[28,30],[26,-3],[-9,15],[9,24],[-40,-26],[-1,46],[-44,46],[-14,-13],[26,-60],[-26,-15],[-66,1],[-58,-19],[2,40],[-19,15],[-7,-38],[-16,9],[-12,-20],[-21,5],[0,-20],[-14,-11],[-36,-7],[-16,18],[40,62],[-64,-47],[-21,-2],[-14,-38],[-23,-18],[-38,0],[-5,59],[5,-13],[21,5],[19,36],[17,-9],[4,20],[16,-5],[-4,7],[24,11],[-1,13],[-26,-13],[9,31],[24,1],[17,-28],[21,0],[2,36],[-12,-2],[5,-16],[-12,0],[7,33],[-9,18],[-31,17],[-38,-2],[-25,-62],[-12,-2],[-17,24],[-1,-55],[-36,-33],[-16,15],[-22,-26],[-18,0],[-19,-25],[-14,-66],[-21,0],[-19,-21],[-14,1],[-10,18],[-7,-40],[-28,11],[0,26],[-19,11],[14,1],[14,28],[29,-20],[21,16],[-3,20],[7,-5],[-4,11],[-36,-6],[12,26],[-9,31],[-31,7],[17,-20],[-19,-29],[12,-17],[-40,4],[15,-18],[-18,-26],[-18,2],[-26,-18],[-14,7],[2,-20],[-35,2],[-5,-11],[12,-2],[-73,-49],[-21,4],[4,36],[-11,-5],[-10,-42],[-16,9],[8,-18],[-24,-26],[20,-7],[4,-33],[-13,-15],[-42,9],[-6,-23],[4,-15],[20,-9],[1,-46],[-35,-5],[14,-24],[-33,13],[-23,-50],[40,-7],[2,-26],[-26,-14],[-21,16],[-33,-95],[42,-7],[-11,-44],[-26,-9],[-1,-13],[11,8],[9,-12],[-22,-22],[1,-20],[-20,8],[11,-18],[-13,0],[-5,-20],[26,-18],[-8,-29],[-42,-5],[-11,24],[-24,7],[-22,-40],[3,-22],[-23,-31],[-43,-161],[-21,-33],[-14,-86],[-7,6],[-13,-21],[-31,17],[3,-20],[7,13],[4,-9],[-14,-17],[-62,-20],[-31,17],[-29,42],[-62,154],[-97,123],[-6,69],[22,10],[7,-22],[-10,-34],[23,-16],[46,29],[-45,28],[-35,70],[-37,8],[-25,61],[-21,-11],[-2,-15],[21,0],[-2,-23],[-40,-12],[5,-23],[-48,14],[-28,28],[-19,1],[12,14],[-45,33],[-269,178],[-24,135],[12,105],[12,21],[35,17],[35,-15],[21,6],[28,82],[-4,13],[-15,-11],[-42,100],[-5,-9],[-9,6],[2,93],[-12,29],[-11,-6]],[[51729,79338],[41,20],[118,-16],[9,7],[88,-98],[21,-67],[21,-15],[55,-8],[35,-36],[40,-15],[3,-64],[40,-58],[-13,-57],[28,-25],[40,-99],[41,-57],[2,-75],[25,-28],[41,-137],[56,-12],[70,-52],[13,-36],[92,-45],[95,-78],[31,-2],[8,-74],[-29,-184],[15,-69],[164,-122],[141,42],[98,-64],[154,57],[30,36],[36,14],[56,47],[23,-115],[105,-59],[-8,-43],[-41,-5],[-4,-21],[38,-80],[-75,-89],[2,-78],[-15,-24],[-50,-8],[-6,24],[-23,5],[-56,-42],[-69,-16],[-17,-28],[44,-7],[-6,-25],[12,-27],[30,-1],[43,18],[12,-38],[35,-29],[-11,-36],[-21,-13],[-57,-1],[-14,-36],[64,-30],[0,-27],[-60,21],[10,-50],[-19,-39],[9,-27],[22,7],[9,24],[42,-6],[6,-13],[-43,-44],[7,-14],[15,-13],[16,4],[49,31],[17,-21],[-34,-37],[87,-42],[86,58],[83,-34],[93,72],[5,48],[78,54],[60,-7],[57,35],[59,4],[24,-21],[-3,-20],[15,-13],[-5,-30],[17,-25],[7,-52],[-20,-31],[3,-71],[-24,-88],[-59,-56],[-9,-32],[53,35],[36,-3],[23,-31],[9,10],[17,-5],[92,77],[74,-36],[19,6],[5,-12],[15,11],[0,-12],[36,-18],[36,0],[-4,-21],[31,17],[-1,-16],[15,-7],[4,11],[32,3],[19,-24],[-15,-6],[7,-16],[24,4],[-13,-24],[34,-2],[7,-18],[15,10],[26,-11],[-3,-14],[13,1],[1,12],[7,-12],[19,19],[13,-5],[7,34],[23,-28],[29,8],[1,17],[6,-9],[20,8],[-1,-11],[15,6],[6,-24],[10,12],[6,-18],[13,8],[-14,-15],[22,-26],[59,14],[27,-38],[27,7],[1,-14],[34,-4],[3,13],[13,-13],[16,21],[9,-9],[28,13],[-2,-13],[18,4],[12,-12],[18,10],[25,-7],[2,-12],[34,8],[7,-23],[8,19],[19,-17],[4,23],[10,-25],[10,18],[13,-8],[22,20],[25,6],[14,-12],[4,17],[56,5]],[[55234,76585],[59,-303],[27,-185],[-8,-11],[-95,-22],[-64,12],[-20,-14],[-124,27],[-176,-37],[-26,18],[-12,-10],[-5,15],[-50,-10],[-52,22],[-1,-12],[-42,9],[-8,-14],[-8,8],[-19,-9],[0,36],[-15,17],[-48,10],[-44,-1],[-18,-14],[-16,13],[-37,-3],[-46,-16],[-6,-12],[-17,22],[-42,1],[-34,24],[-25,-3],[-22,22],[-28,-5],[-12,-76],[-17,-20],[-59,-63],[-85,-34],[-39,-28],[-16,-80],[-25,-39],[-66,-57],[-36,-15],[-16,-62],[44,-60],[13,-41],[-7,-23],[-78,-44],[-29,-51],[0,-32],[57,-51],[7,-20],[-9,-60],[-18,0],[-15,-41],[-52,-20],[0,-43],[45,-41],[-13,-23],[-65,-43],[-18,-30],[-1,-34],[17,-37],[72,-29],[10,-40],[-20,-162],[-32,-100],[-26,-10],[-5,-18],[50,-43],[5,-56],[-7,-17],[-54,-19],[-1,-39],[44,-59],[96,-30],[-14,-15],[-51,-7],[-33,-23],[-98,-14],[-5,-23],[28,-15],[2,-14],[-39,-28],[-10,-93],[-21,-7],[-20,15],[-20,-20],[23,-49],[-21,-29],[16,-19],[61,-24],[69,-1],[15,-12],[101,2],[49,8],[31,39],[61,-44],[-18,-29],[65,-3],[31,-38],[75,-6],[26,32],[108,-1],[14,-33],[38,14],[24,-6],[28,-36],[50,-24],[1,-23],[20,-12],[5,-25],[-43,-61],[17,-62],[-8,-49],[45,-27],[32,-50],[62,-48],[-1,-25],[-20,-18],[-49,-299],[21,-35],[7,-49],[60,-92],[-51,-35],[-13,-29],[8,-17],[-38,-52],[10,-76],[-19,-35],[-91,-75],[-31,-96],[-36,-28],[-33,-76],[-42,-58],[-9,-104],[28,-84],[-15,-93],[-44,-107],[-56,-75],[-27,-91],[-54,-76],[15,-167],[-7,-66],[59,-97],[3,-24],[-12,-41],[-28,-39],[25,-27],[94,8],[249,-68],[56,-33],[93,3],[17,-28],[6,-81],[10,-10],[227,12],[18,12]],[[76926,115118],[22,-19],[5,-47],[-31,-53],[-15,-95],[31,-39],[4,-40],[-12,-17],[16,-33],[82,0],[95,-30],[104,-9],[146,20],[186,-71],[27,2],[14,15],[40,-12],[42,8],[34,-28],[57,12],[17,-19],[23,26],[-1,-36],[25,-8],[21,12],[40,60],[15,4],[4,-17],[19,6],[-1,19],[41,47],[51,18],[42,-4],[22,35],[71,9],[8,29],[8,-22],[29,-8],[1,-19],[24,7],[-2,21],[21,-8],[2,-26],[17,25],[18,-16],[46,-5],[28,-28],[45,16],[23,-9],[39,15],[43,1],[40,24],[1,25],[26,12],[10,21],[12,-4],[40,53],[44,-7],[-8,27],[74,40],[-22,49],[-1,43],[44,-6],[7,21],[27,-6],[2,18],[22,-4],[15,24],[27,-7],[9,23],[39,13],[-12,30],[32,23],[-15,9],[2,17],[76,-10],[52,37],[29,-22],[34,6],[17,-10],[19,24],[30,-19],[12,4],[27,-25],[32,5],[48,-14],[17,11],[-4,28],[25,53],[34,35],[29,-11],[53,35],[-35,28],[-7,35],[16,60],[30,50],[26,10],[53,-47],[8,32],[50,3],[19,-22],[22,1],[0,-17],[20,-3],[47,37],[14,-11],[14,9],[-10,56],[36,14],[37,99],[34,11],[11,21],[20,-46],[20,-4],[14,12],[1,37],[137,47],[67,-43],[-27,-97],[85,-10],[25,-21],[-1,-43],[-22,-45],[6,-21],[21,-20],[59,-13],[15,-15],[-6,-39],[-28,-37],[16,-52],[-5,-76],[-74,-21],[1,-50],[24,-9],[67,29],[33,-22],[24,-37],[85,-27],[14,-54],[45,-63],[23,-129],[26,-22],[29,-5],[-24,-50],[-41,-25],[-1,-53],[-25,-93],[-71,-13],[-121,-74],[-1,-25],[133,-55],[34,-72],[32,-17],[61,-121],[48,-38],[30,2],[21,-12],[8,-30],[-41,-44],[33,-47],[92,-14],[14,-43],[42,-16],[97,45],[15,47],[33,-7],[69,37],[102,4],[33,50],[57,-6],[32,68],[-27,31],[19,24],[7,88],[25,46],[132,-33],[192,10],[101,-69],[96,-5],[22,29],[-19,98],[6,26],[14,9],[94,-51],[25,-30],[12,-37],[-33,-37],[2,-14],[79,9],[49,-12],[-11,-105],[18,-43],[20,-2],[27,21],[26,65],[32,19],[78,-12],[-2,-63],[18,-29],[55,28],[20,-7],[29,-106],[-76,-29],[-13,-28],[18,-17],[61,3],[29,-26],[-16,-45],[146,-533],[255,-683],[194,-1097],[394,-1642],[92,-35],[16,-17],[42,-5],[30,-63],[18,5],[-11,24],[9,22],[46,-3],[25,-43],[-53,-5],[-11,-20],[9,-10],[38,6],[100,-23],[36,-44],[8,-30],[-11,-5],[-25,21],[-22,-5],[19,-44],[-25,-40],[50,19],[30,-14],[1676,-1689],[30,17],[40,-3],[100,-62],[12,-44],[-25,-19],[-49,-6],[4,-27],[40,-5],[34,30],[37,-20],[-10,-17],[18,-68],[11,3],[1,35],[15,12],[73,-32],[-20,-55],[42,-9],[13,-34],[-14,-15],[-37,8],[-17,-12],[26,-42],[-25,-57],[35,-28],[-38,-19],[26,-50],[37,-4],[31,-33],[32,0],[-7,-33],[21,-20],[-20,-41],[18,5],[2,-10],[-55,-9],[22,-19],[-24,-19],[7,-25],[22,-13],[-4,-12],[-31,-5],[-3,-14],[29,-8],[-36,-5],[-9,-25],[15,0],[-5,-14],[18,-22],[-20,-22],[35,-15],[-41,-81],[-9,-79],[-30,-4],[24,-31],[-29,-27],[15,-9],[13,19],[42,-6],[3,-9],[-18,-7],[18,-40],[15,-8],[15,15],[18,-5],[-55,-42],[24,-47],[23,-14],[-20,-22],[26,-58],[28,-13],[2,-27],[-19,-15],[43,-36],[-16,-38],[16,-44],[13,-17],[17,7],[-1,-26],[26,2],[-3,-17],[-32,-13],[-14,-19],[15,-12],[38,19],[17,-32],[-19,4],[-13,-11],[21,-14],[52,12],[-15,-12],[1,-18],[-23,-1],[-9,-30],[25,6],[2,-26],[28,2],[-12,-14],[25,-16],[-20,-8],[41,-31],[-20,-7],[13,-2],[-7,-13],[18,-34],[29,-16],[-16,-22],[11,-10],[1,-37],[18,0],[-23,-8],[7,-18],[-42,-9],[-6,-20],[-45,-1],[-16,-16],[14,-27],[-21,-33],[6,-20],[37,6],[-29,-36],[15,-22],[21,4],[-7,-17],[-21,1],[-3,-22],[9,-14],[18,1],[-8,-20],[15,0],[-6,-15],[24,-31],[-9,-10],[-21,8],[1,-11],[-29,0],[-4,-12],[-20,-4],[1,-23],[-30,-8],[10,-9],[-19,-14],[-5,-41],[-11,-2],[12,-10],[-8,-21],[22,-71],[48,-27],[71,-17],[65,-75],[-10,-69],[38,-117],[-5,-103],[18,-74],[-35,-42],[-32,-9],[1,-28],[-13,-8],[70,-78],[1,-19],[-32,-38],[14,-56],[-25,-5],[-19,22],[-73,28],[-29,65],[-107,69],[-12,32],[-46,39],[-58,8],[-47,-25],[-31,-2],[-49,25],[-119,-10],[39,-111],[-51,-40],[8,-42],[-43,-24],[12,-50],[26,-22],[-18,-40],[-68,-53],[-21,-1],[-38,25],[-41,-14],[-21,-43],[-28,-19],[24,-31],[-3,-37],[-50,-15],[-2,-43],[-35,-17],[-54,-2],[-60,-29],[-41,3],[-27,-21],[-31,5],[-22,-23],[8,-29],[-74,-38],[0,-27],[-44,-34],[16,-30],[-10,-26],[29,-31],[-6,-23],[35,-14],[13,-28],[27,31],[18,-6],[-27,-48],[27,-2],[10,10],[62,-16],[-6,-37],[32,2],[26,-50],[30,-17],[-5,-16],[-38,-9],[15,-21],[-7,-20],[20,-10],[2,-88],[21,-12],[-10,-18],[17,-22],[-13,-30],[36,-33],[23,-53],[26,-7],[-6,-53],[40,-60],[-13,-68],[-15,-18],[12,-15],[-31,-65],[16,-33],[-19,-18],[26,-39],[-20,-4],[0,-43],[-24,-27],[10,-25],[-29,-16],[-12,-44],[-37,-25],[-25,-48],[-29,-6],[-30,-41],[-13,-54],[21,-97],[-35,-86],[7,-44],[-30,-32],[8,-38],[-12,-21],[22,-51],[10,-101],[-16,-132],[13,-37],[-6,-18],[24,-50],[-45,-72],[-11,-142],[29,-97],[-23,-62],[2,-43],[-12,-11],[22,-39],[-14,-34],[-20,-9],[29,-50],[-24,-71],[5,-29],[28,-28],[-6,-12],[16,-16],[39,-120],[-9,-16],[25,-48],[-9,-19],[20,-28],[-5,-32],[42,-29],[1,-18],[36,-38],[-6,-20],[33,-70],[7,-101],[-29,-55],[-8,-71],[-22,-15],[-13,-44],[-38,-10],[-28,-31],[7,-27],[-48,-46],[9,-20],[-25,-20],[12,-19],[-9,-34],[11,-7],[-12,-7],[-10,-79],[14,-54],[-24,-77],[14,-18],[31,-2],[11,-22],[82,-11],[48,-71],[5,-32],[46,-30],[29,-37],[16,-56],[0,-55],[31,-27],[1,-33],[-13,-11],[18,-71],[-7,-94],[44,-86],[-20,-67],[492,-72],[49,27],[68,-2],[13,-12],[105,-21],[58,23],[72,-32],[48,-41],[25,-4],[113,-101],[56,13],[47,29],[24,-1],[6,33],[64,47],[93,9],[145,-64],[84,-10],[28,15],[37,-26],[89,-11],[48,70],[50,29],[195,26],[52,-17],[8,-13],[29,4],[6,-16],[33,-17],[29,4],[13,-22],[49,-11],[-1,-24],[20,-32],[46,-23],[16,-38],[32,-34],[-1,-30],[48,-82],[35,-40],[23,-5],[5,-29],[168,-153],[-18,-39],[-38,-23],[-2,-80],[-44,-59],[-61,-136],[31,-94],[-9,-51],[-19,-15],[-32,-94],[35,-27],[0,-22],[-26,-1],[1158,-1824]],[[88868,96501],[-5,-10],[-90,-3],[-134,56],[-63,8],[-27,-4],[-48,-43],[-66,-24],[-194,-20],[-47,-27],[-100,-3],[-63,30],[-135,7],[-16,49],[-42,15],[5,36],[-53,15],[-92,53],[-93,-18],[-46,-47],[-69,-37],[-4,-97],[-53,-67],[5,-97],[21,-10],[7,-37],[-23,-21],[-63,-11],[-27,-18],[-51,-79],[-7,-50],[-115,-19],[-51,-33],[-83,-28],[-78,58],[-5,15],[25,133],[25,39],[-55,35],[-109,1],[-44,43],[-31,0],[-49,-30],[-118,-166],[0,-49],[-68,-123],[-3,-71],[-50,-153],[-129,-186],[-50,-32],[-12,-24],[-48,-17],[-30,-48],[-111,-73],[-4,-65],[-28,-26],[-56,26],[-36,1],[-153,-91],[-46,-55],[-71,-29],[-130,2],[-41,11],[-84,41],[-107,29],[-102,81],[-183,70],[-87,96],[-119,86],[-4,34],[14,38],[-40,-8],[-37,-62],[-37,-5],[-39,-65],[-6,-43]],[[84710,95385],[-27,-2],[-26,-22],[-12,-170],[-48,4],[-29,-43],[-125,17],[-65,48],[-66,2],[-16,13],[-23,51],[13,50],[-38,77],[6,36],[-12,62],[87,105],[-9,154],[-53,64],[-35,72],[5,154],[-90,94],[-4,20],[-102,8],[-100,-37],[-40,14],[-50,-64],[-38,-14],[-119,39],[-59,-51],[-31,-8],[-148,18],[-103,63],[-25,-1],[-50,-39],[0,-60],[-25,-37],[-46,-33],[-10,-40],[-50,60],[-23,86],[-50,69],[20,92],[-37,-14],[-32,26],[-42,-3],[-43,-21],[-36,-60],[-50,43],[-60,13],[-110,-5],[-36,-102],[-78,-51],[-69,79],[-16,130],[-81,124],[12,74],[-51,48],[-5,62],[68,100],[-74,-4],[-57,15],[-100,-17],[-40,-24],[-11,-35],[-29,-20],[-22,-12],[-33,4],[-35,31],[-8,90],[-53,77],[-105,25],[-71,-26],[-28,45],[31,109],[-62,37],[-82,10],[-34,27],[6,31],[26,28],[-15,100],[-59,38],[-13,27],[-54,45],[-6,48],[-18,30],[-28,3],[8,75],[-34,55],[97,68],[53,59],[9,29],[-12,131],[20,24],[-10,16],[38,41],[46,15],[8,69],[-94,-10],[-85,74],[-44,21],[-24,40],[7,44],[-74,61],[-8,46],[18,50],[-35,51],[1,48],[-76,77],[39,29],[18,31],[-3,35],[68,53],[70,11],[13,27],[67,60],[61,23],[54,50],[-5,20],[-24,7],[-43,81],[25,45],[-13,46],[13,35],[-4,92],[-14,25],[12,52],[27,39],[-2,30],[-32,29],[-133,3],[2,23],[26,23],[5,48],[-117,111],[-88,48],[-29,80],[1,44],[-49,35],[-17,38],[-65,43],[-14,59],[-24,10],[-44,59],[-10,98],[69,224],[-14,69],[-29,1],[-33,-30],[-50,46],[-20,46],[-48,23],[-63,11],[-55,30],[-30,71],[-49,17],[-25,60],[-53,21],[-80,12],[-24,23],[-52,2],[-75,35],[-67,51],[3,84],[-68,88],[6,62],[-23,49],[-25,201],[3,96],[41,79],[31,22],[11,27],[-25,71],[-47,-19],[-95,-3],[-110,40],[-122,-15],[-40,19],[-69,4],[-33,-18],[-20,-64],[-61,-57],[-85,-10],[-68,32],[-45,-5],[-78,20],[-62,-22],[-44,7],[-96,90],[-76,-54],[-74,-19],[-7,-15],[-59,-27],[-72,62],[-238,49],[-75,53],[-83,-45],[-62,-10],[-89,31],[-39,41],[-21,-6],[-58,18],[-53,-24],[-27,3],[-35,44],[-40,7],[-65,-37],[-7,-20],[-53,-43],[-60,-88],[-46,-104],[-118,-94],[4,-80],[77,-96],[14,-66],[-37,-144],[-4,-61],[-28,-41],[-43,-12],[-52,44],[-23,43],[-80,29],[-48,57],[-48,2],[-80,-23],[-131,-12],[-84,19],[-322,-30],[-63,17],[-21,64],[-40,49],[13,46],[-67,30],[-93,97],[-55,-16],[-24,13],[-29,-14],[-7,-21],[12,-36],[-13,-28],[-80,-20],[-66,1],[-36,35],[-33,0],[-14,15],[-55,-24],[-113,44],[-221,8],[-82,46],[-22,43],[-72,32],[-1,33],[-32,4],[-25,-15],[-18,25],[9,62],[-58,58],[-21,56],[-31,40],[-107,111],[-17,38],[-14,153],[-65,93],[-40,11],[-144,-19],[-87,58],[-6,29],[10,23],[39,8],[25,23],[2,64],[-85,144],[-89,65],[-81,110],[-163,4],[-143,25],[-45,23],[-75,64],[-57,13],[-54,58],[-35,13]],[[55234,76585],[22,32],[29,-7],[51,46],[25,-10],[27,9],[14,-22],[26,8],[2,-11],[11,2],[29,-37],[44,5],[71,-55],[56,-14],[-3,-14],[24,-25],[73,-22],[27,6],[33,51],[54,13],[6,16],[47,-35],[15,7],[11,-26],[34,13],[47,-13],[36,10],[40,-29],[63,0],[35,42],[25,4],[14,26],[25,-15],[9,11],[9,-18],[65,-33],[72,20],[12,-44],[33,-7],[137,12],[47,-10],[91,24],[139,-44],[36,-24],[66,-10],[45,9],[151,-103],[49,-79],[36,-30],[104,-43],[36,0],[36,24],[35,57],[58,50],[84,9],[77,-10],[56,15],[20,30],[13,89],[16,13],[43,5],[66,-30],[32,19],[80,17],[33,37],[15,62],[56,12],[62,45],[56,-3]],[[97766,78397],[84,-54],[44,8],[28,28],[13,52],[38,39],[106,42],[106,69],[150,117],[80,90],[46,81],[28,158],[144,362],[-18,54],[52,46],[3,34],[78,36],[4,26],[-14,31],[12,26],[-28,24],[0,25],[43,69],[80,81],[50,142],[135,173],[21,18],[122,41],[81,-3],[178,85],[260,51],[109,10],[102,41],[49,54],[123,75],[19,22],[37,106],[197,129],[257,142],[235,211],[187,110],[73,86],[228,182],[130,270],[8,36],[-12,60],[-57,66],[30,94],[2,79],[-91,96],[-9,25],[19,72],[28,20],[82,32],[103,-14],[129,0],[55,31],[87,92],[108,-8],[59,25],[69,76],[42,78],[125,53],[143,11],[50,68],[43,104],[26,30],[60,4],[49,23],[214,150],[113,24],[32,28],[55,103],[150,71],[132,115],[139,51],[186,95],[153,26],[131,151],[126,83],[118,30],[49,37],[42,38],[68,105],[89,64],[64,-22],[164,-110],[151,-76],[197,-57],[58,0],[139,51],[135,11],[139,28],[146,124],[96,39],[198,14],[76,57],[105,44],[74,27],[83,12],[251,105],[53,126],[78,104],[142,91],[99,133],[150,127],[62,83],[57,46],[26,52],[52,43],[51,126],[18,153],[79,34],[46,46],[48,-15],[26,14],[4,61],[37,37],[46,96],[167,97],[74,65],[172,243],[6,43],[-23,109],[44,93],[57,57],[119,78],[102,140],[42,124],[114,114],[44,11],[186,294],[135,125],[145,83],[137,238],[12,175],[26,59],[38,40],[112,75]],[[109242,87977],[34,35],[156,91],[55,19],[52,1],[115,-1],[40,-12],[63,-50],[50,-15],[442,-80],[257,22],[430,-47],[241,-8],[144,19],[110,1],[154,33],[123,10],[148,-17],[53,13],[72,43],[128,29],[258,140],[155,48],[150,67],[71,58],[84,126],[48,25]],[[112875,88527],[26,-4],[96,43],[45,68],[73,45],[101,15],[94,-32],[73,27],[142,94],[89,19],[71,1],[61,-20],[57,-49],[118,-290],[40,-64],[29,-17],[167,-7],[114,-52],[75,-8],[94,18],[93,-29],[101,0],[54,38],[142,155],[49,135],[314,252],[43,13],[185,7],[23,11],[63,100],[44,111],[54,69],[85,64],[200,26],[46,27],[34,70],[37,39],[194,64],[199,36],[136,-38],[74,-138],[50,-55],[33,-15],[86,-11],[195,38],[96,0],[111,-60],[246,-104],[150,3],[324,-85],[67,-1],[64,17],[124,75],[228,17],[57,-15],[131,-67],[106,-112],[23,-68],[24,-17],[235,41],[137,40],[55,0],[165,-42],[196,1],[54,-11],[48,-29],[27,-84],[53,-48],[76,-12],[118,14],[194,-26],[132,57],[72,54],[67,77],[169,106],[75,24],[106,6],[234,-148],[86,-6],[79,22],[100,68],[34,40],[47,97],[33,30],[66,12],[137,0],[101,29],[125,-1],[135,34],[196,-47],[133,28],[89,-22],[84,-4],[114,28],[72,2],[172,-58],[243,-130],[127,-14],[69,6],[100,26],[108,59],[142,96],[51,66],[54,44],[154,4],[244,86],[250,23],[97,36],[72,58],[243,64],[57,-2],[67,-25],[72,0],[65,14],[75,35],[67,5],[185,-40],[124,-60],[130,-136],[65,-47],[57,-23],[84,0],[236,103],[59,6],[91,-15],[66,9],[110,87],[105,62],[228,92],[64,47],[184,215],[387,240],[68,58],[73,90],[97,47],[226,57],[64,-7],[52,-21],[253,-224],[78,-31],[44,1],[189,51],[161,27],[169,-58],[194,-5],[129,-24],[216,-8],[148,17],[66,-19],[67,-36],[130,-145],[91,-47],[86,1],[209,39],[64,-8],[116,-52],[117,-151],[62,-25],[69,-107],[147,-37],[26,-22],[113,-33],[88,-60],[34,-71],[59,-67],[-103,-123],[-130,-82],[-80,-79],[-28,-73],[-5,-177],[71,-149],[101,-122],[38,-156],[108,-153],[164,-135],[131,-75],[1,-107],[39,-47],[100,-76],[22,-62],[0,-88],[-18,-48],[-37,-37],[-228,-92],[-210,-133],[-56,-70],[-43,-82],[-39,-35],[-201,-124],[-201,-85],[-88,-64],[-75,-72],[-151,-196],[-58,-117],[-221,-162],[-90,-104],[-38,-182],[-69,-106],[-17,-155],[-80,-243],[-106,-133],[-18,-99],[-15,-285],[-31,-109],[6,-246],[57,-108],[38,-248],[64,-140],[-1,-192],[39,-47],[122,-84],[33,-56],[-7,-53],[-48,-107],[-27,-27],[-60,-27],[-42,-56],[-35,-126],[-2,-120],[-18,-68],[-86,-88],[-148,-94],[-138,-124],[-141,-105],[-180,-42],[-51,-24],[-103,-83],[-87,-116],[-240,-95],[-200,-144],[-234,-93],[-65,-61],[-114,-139],[-169,-123],[-103,-141],[-17,-198],[18,-60],[22,-37],[142,-67],[70,-91],[3,-35],[-66,-197],[15,-129],[36,-60],[6,-50],[-17,-41],[-106,-115],[-48,-141],[-98,-178],[-4,-46],[33,-78],[105,-110],[115,-202],[42,-50],[-8,-104],[9,-49],[49,-38],[73,-27],[25,-38],[-34,-101],[-92,-114],[-16,-57],[10,-186],[-27,-200],[-63,-180],[-51,-52],[-28,-56],[30,-321],[-2,-209],[85,-199],[29,-158],[9,-286],[-37,-163],[0,-170],[23,-290],[40,-103],[15,-124],[-45,-126],[-146,-258],[-58,-148],[-3,-130],[13,-125],[-20,-184],[54,-209],[8,-102],[-11,-25],[-134,-133],[-23,-67],[4,-56],[32,-59],[128,-106],[269,-96],[86,-61],[59,-97],[26,-74],[-9,-92],[-26,-53],[-20,-112],[98,-103],[128,-51],[8,-57],[-25,-102],[-36,-70],[-10,-69],[11,-41],[73,-54],[42,-53],[22,-45],[21,-106],[-20,-70],[-89,-30],[-77,20],[-84,1],[-74,-41],[-45,-69],[-15,-103],[33,-108],[98,-223],[-38,-137],[-27,-205],[13,-60],[148,-263],[17,-175],[22,-54],[36,-55],[281,-227],[60,-95],[62,-208],[31,-46],[60,-151],[-12,-47],[15,-108],[43,-90],[39,-41]],[[128660,70886],[-79,-97],[-298,-117],[-253,-134],[-175,-104],[-163,-134],[-160,-91],[-226,-291],[-130,-99],[-107,-68],[-277,-67],[-38,25],[-33,208],[-60,167],[-65,66],[-90,22],[-185,-9],[-101,24],[-54,29],[-31,44],[-60,48],[-58,-1],[-82,-37],[-82,-14],[-93,30],[-36,36],[-5,47],[38,121],[-21,46],[-45,35],[-51,1],[-59,-16],[-38,-55],[-74,-251],[-133,-276],[-27,-32],[-21,-4],[-32,6],[-28,45],[17,41],[71,56],[30,64],[9,79],[-34,60],[-75,26],[-81,1],[-36,-11],[-29,-31],[-55,-215],[-31,-39],[-52,-37],[-65,-23],[-99,44],[-32,36],[-7,47],[11,40],[102,114],[19,111],[-14,61],[-44,36],[-68,15],[-58,4],[-74,-20],[-142,-74],[-120,-20],[-53,1],[-60,19],[-46,25],[-23,31],[-73,10],[-11,-22],[74,-111],[-1,-54],[-15,-56],[-83,-50],[-101,21],[-72,41],[-136,50],[-111,19],[-150,-8],[-142,19],[-165,-33],[-74,28],[-217,136],[-59,-4],[-37,-28],[-21,-52],[22,-76],[-60,-152],[-3,-59],[22,-53],[55,-47],[19,-33],[-8,-50],[-26,-41],[-52,-21],[-92,-4],[-72,-58],[-51,-19],[-74,5],[-75,28],[-118,73],[-107,18],[-63,-12],[-54,-27],[-72,-96],[12,-71],[35,-38],[315,-174],[41,-37],[39,-85],[-6,-56],[-24,-39],[-33,-21],[-93,-12],[-34,22],[-192,257],[-71,34],[-48,0],[-58,-65],[0,-48],[76,-109],[28,-73],[-5,-56],[-26,-33],[-68,-28],[-36,14],[-66,72],[-48,31],[-55,16],[-77,-12],[-219,-158],[-86,-89],[-18,-44],[18,-78],[88,-93],[20,-49],[-1,-52],[-68,-57],[-54,4],[-105,58],[-188,212],[-70,63],[-57,16],[-55,-2],[-52,-27],[-22,-63],[20,-67],[52,-56],[103,-76],[66,-81],[11,-97],[-30,-16],[-38,19],[-68,137],[-71,61],[-55,18],[-37,-3],[-48,-113],[-42,3],[-74,57],[-54,7],[-219,-105],[-41,11],[-96,77],[-69,138],[-57,66],[-69,27],[-63,9],[-61,-10],[-44,-57],[9,-72],[43,-41],[165,-49],[98,-55],[28,-33],[8,-39],[-11,-51],[-35,-20],[-33,5],[-146,135],[-85,-10],[-172,-59],[-167,-10],[-61,3],[-79,22],[-154,102],[-59,3],[-41,-15],[-81,-55],[-18,-77],[-8,-168],[-34,-82],[-59,-62],[-160,-81],[-87,-17],[-56,23],[-62,37],[-77,107],[-65,35],[-61,15],[-36,-5],[-57,-32],[-28,-44],[1,-61],[27,-77],[99,-118],[59,-124],[59,-85],[-9,-75],[-22,-19],[-33,0],[-33,22],[-47,140],[-75,119],[-37,25],[-69,18],[-74,7],[-81,-26],[-101,-86],[-37,-53],[-76,-39],[-113,-14],[-62,34],[-51,42],[-21,73],[54,217],[-15,82],[-75,70],[-77,-11],[-37,-35],[-15,-37],[15,-43],[73,-104],[39,-143],[-12,-63],[-42,-79],[-37,-26],[-84,-12],[-60,32],[-92,95],[-71,29],[-150,-20],[-159,-107],[-116,-102],[-70,-39],[-116,-187],[-122,-48],[-36,16],[-66,113],[-56,32],[-45,-10],[-34,-43],[-7,-60],[-47,-50],[-44,-4],[-52,23],[-68,100],[-12,127],[-26,53],[-58,38],[-61,-16],[-35,-25],[-138,-183],[-183,-129],[-96,-34],[-99,12],[-27,20],[-6,49],[168,129],[21,59],[-18,91],[-53,30],[-99,-69],[-74,-19],[-49,18],[-33,78],[52,101],[3,57],[-35,50],[-52,10],[-36,-13],[-33,-31],[-57,-161],[-33,-34],[-42,-25],[-48,15],[-59,56],[0,176],[-56,105],[-5,43],[-72,26],[-254,35],[-50,-18],[-10,-30],[7,-63],[58,-72],[89,-68],[29,-82],[-2,-67],[-37,-104],[-81,-121],[-47,-47],[-61,-24],[-68,4],[-26,18],[-21,58],[23,118],[116,212],[6,93],[-44,70],[-43,35],[-37,12],[-55,-14],[-39,-33],[-14,-74],[-58,-62],[-91,-31],[-180,-101],[-45,-31],[-55,-81],[-69,-16],[-43,10],[-20,34],[-8,56],[-29,66],[-53,0],[-40,-7],[-44,-40],[-33,-135],[-60,-21],[-64,5],[-57,19],[-74,103],[-93,218],[-145,75],[-59,-2],[-67,-39],[-111,-100],[-74,-182],[11,-108],[-8,-33],[-22,-30],[-30,-15],[-27,3],[-20,18],[12,71],[-8,84],[-28,40],[-41,20],[-49,3],[-236,-32],[-414,82],[-85,-18],[-43,-57],[13,-25],[33,0],[99,47],[41,-1],[32,-19],[17,-40],[-11,-40],[-38,-14],[-60,-65],[-11,-53],[7,-77],[48,-106],[8,-197],[-89,-198],[-15,-64],[-36,-62],[-24,5],[-94,215],[-39,19],[-76,-25],[-20,-24],[-26,-130],[-26,-38],[-37,-17],[-86,6],[-107,92],[-99,48],[-104,-44],[-67,-184],[-137,-171],[-31,-3],[-20,18],[-18,148],[-38,119],[-72,73],[-137,94],[-106,-3],[-28,-29],[-11,-44],[14,-53],[32,-35],[86,-4],[100,-34],[33,-56],[23,-76],[-22,-53],[-119,-41],[-76,28],[-101,95],[-64,29],[-172,47],[-94,-22],[-49,-88],[-2,-69],[28,-155],[-20,-78],[-105,-83],[-59,-8],[-41,13],[-26,28],[-19,52],[-2,60],[25,36],[11,58],[-9,89],[-71,101],[-96,0],[-46,-13],[-47,-32],[-25,-35],[-13,-97],[24,-79],[49,-102],[83,-120],[118,-120],[14,-31],[-4,-38],[-24,-26],[-38,-6],[-137,41],[-78,35],[-67,54],[-69,112],[-55,169],[-62,105],[-98,39],[-39,-7],[-72,-40],[-31,-46],[20,-96],[34,-35],[66,-25],[129,-197],[78,-39],[20,-33],[-9,-34],[-88,-82],[-8,-77],[18,-95],[-7,-70],[-41,-55],[-96,-50],[-147,-21],[-30,30],[-22,78],[-74,73],[-274,121],[-102,0],[-39,-22],[-24,-47],[-9,-38],[10,-60],[204,-180],[16,-49],[-5,-110],[-20,-30],[-49,-29],[-206,-37],[-65,-23],[-182,-110],[-80,-11],[-53,19],[-38,34],[-14,35],[19,152],[-7,56],[-60,69],[-85,33],[-58,-5],[-96,-132],[-98,-74],[-185,-57],[-280,-33],[-33,23],[-11,31],[3,72],[-17,44],[-33,7],[-63,-29],[-44,-47],[33,-134],[-11,-76],[-25,-41],[-52,-28],[-302,-73],[-27,-36],[14,-41],[63,-55],[47,-68],[80,-56],[67,-28],[207,-146],[46,-16],[47,-46],[18,-62],[-21,-61],[-42,-27],[-35,5],[-61,76],[-49,40],[-88,10],[-74,-26],[-48,-50],[-34,-94],[0,-94],[42,-78],[144,-35],[47,-40],[27,-82],[17,-120],[8,-119],[-25,-76],[-73,-66],[-110,1],[-22,46],[5,135],[-16,67],[-32,60],[-48,52],[-59,22],[-69,-5],[-44,-41],[-6,-59],[31,-66],[96,-86],[73,-81],[17,-37],[-19,-44],[-55,-55],[-130,-78],[-106,6],[-44,33],[-22,50],[-16,122],[-29,52],[-50,39],[-53,7],[-52,-36],[-15,-44],[33,-41],[79,-47],[35,-71],[-13,-64],[-38,-41],[-47,1],[-34,21],[-71,104],[-62,10],[-56,-15],[-62,-42],[-27,-46],[0,-54],[24,-54],[5,-50],[-38,-50],[-261,-122],[-54,-64],[-14,-34],[83,-135],[-1,-71],[-31,-61],[-130,-3],[-98,13],[-90,-23],[-46,-54],[27,-77],[52,-32],[143,21],[140,-9],[94,-62],[159,-163],[-18,-77],[-64,-29],[-87,-21],[-212,50],[-57,-16],[-2,-40],[55,-90],[66,-61],[72,-207],[25,-239],[2,-220],[-133,-12],[-189,-117],[-79,-35],[-127,0],[-96,25],[-68,-22],[-23,-42],[0,-51],[66,-178],[11,-81],[-38,-136],[-34,-42],[-73,-21],[-89,-4],[-223,-140],[-117,-47],[-233,-40],[-467,-108],[-62,18],[-41,-50],[14,-169],[-11,-13],[-48,-8],[-38,13]],[[103002,60090],[-213,169],[-191,77],[-69,43],[-56,74],[-190,104],[-128,-58],[-12,-131],[-50,-139],[-49,-58],[-61,-31],[-40,11],[-76,102],[-15,43],[-1,253],[-23,60],[-57,50],[-93,28],[-63,0],[-33,-40],[-15,-61],[217,-201],[16,-46],[3,-60],[-26,-61],[-146,-170],[-72,-13],[-106,10],[-41,-15],[-49,-149],[-97,-113],[-46,-74],[-44,-28],[-43,-2],[-49,26],[-28,48],[-13,66],[39,189],[-17,114],[-31,43],[-65,-6],[-65,-41],[-71,-88],[-122,-82],[-55,-11],[-135,8],[-239,-82],[-67,9],[-32,26],[-5,37],[22,29],[110,27],[31,29],[13,64],[-6,60],[-65,127],[-60,48],[-82,10],[-141,-71],[-76,-15],[-82,-90],[-48,-114],[-42,-33],[-62,3],[-37,21],[-26,39],[11,21],[37,24],[18,52],[-34,13],[-90,-27],[-54,18],[-48,34],[-61,89],[-113,321],[-49,52],[-147,52],[-57,-7],[-26,-78],[-1,-69],[14,-50],[115,-97],[11,-104],[-31,-109],[-47,-65],[-76,-38],[-58,7],[-33,20],[-78,99],[13,41],[86,79],[21,65],[-1,108],[-30,39],[-61,22],[-179,-105],[-97,-14],[-43,16],[-62,73],[-64,129],[-53,22],[-40,-6],[-25,-41],[-53,-44],[-49,0],[-107,36],[-157,27],[-39,32],[-15,40],[-1,71],[-78,92],[-29,15]],[[95517,37189],[-50,17],[-4,24],[69,74],[7,103],[-29,41],[-53,27],[-39,74],[-39,19],[-41,-16],[-12,-39],[46,-46],[-4,-38],[-36,-15],[-68,57],[-96,-8],[-54,24],[-25,31],[11,102],[-7,32],[-46,70],[-148,40],[-70,60],[-29,7],[-19,-144],[22,-48],[-12,-55],[-69,-65],[-90,-60],[-88,-26],[-86,22],[-61,-25],[-55,1],[-105,96],[-32,-11],[-21,17],[-11,46],[26,28],[60,0],[34,27],[17,56],[-1,42],[-88,66],[-72,24],[-17,-9],[-19,-98],[-51,-73],[0,-115],[-89,-27],[-27,-28],[-2,-87],[-69,-37],[-86,32],[-37,-11],[-89,-93],[-74,-3],[-87,61],[-9,33],[20,35],[88,37],[60,103],[3,45],[-46,67],[-145,73],[-30,-1],[-41,-22],[-111,4],[-117,-66],[-68,0],[-24,15],[9,39],[85,64],[13,22],[13,153],[54,50],[68,24],[19,22],[8,57],[-43,7],[-48,-9],[-87,-89],[-140,-84],[-111,-109],[-52,-11],[-98,25],[-129,-10],[-7,22],[72,46],[88,-1],[28,31],[-7,24],[-84,54],[1,29],[30,65],[-27,5],[-131,-58],[-48,5],[-103,84],[-375,148],[-125,194],[-108,128],[-33,67],[21,45],[78,38],[111,26],[20,19],[22,71],[-37,99],[-31,16],[-56,-43],[-126,-43],[-51,-85],[-17,-104],[-38,-11],[-88,50],[-43,75],[-17,162],[16,82],[-8,28],[-23,2],[-44,-25],[-72,-18],[-76,32],[-98,23],[-16,40],[12,35],[23,23],[82,9],[31,21],[8,89],[48,53],[4,39],[-118,-43],[-87,-3],[-216,76],[-28,-4],[-9,-31],[11,-15],[96,-32],[24,-21],[-1,-72],[-39,-50],[-165,-69],[-78,1],[-79,51],[-89,39],[-18,18],[-4,32],[115,40],[61,56],[13,57],[-26,192],[97,41],[6,51],[-79,-2],[-67,18],[-40,24],[-24,36],[18,121],[-4,54],[-68,106],[-20,62],[-125,39],[-136,74],[-27,0],[-5,-25],[23,-88],[-14,-44],[-37,-37],[-73,-25],[-60,2],[-57,10],[-68,54],[-25,30],[1,32],[20,20],[126,51],[38,39],[-9,33],[-49,37],[-101,-13],[-43,14],[-47,62],[-3,68],[18,35],[49,64],[52,33],[24,35],[-48,114],[-44,54],[-51,97],[-9,76],[-55,71],[-36,72],[-21,-1],[-20,-19],[-2,-39],[16,-102],[-64,-94],[-30,-10],[-24,21],[-47,90],[-28,24],[-98,38],[-116,8],[-26,26],[-11,66],[18,130],[-55,41],[-103,15],[-35,13],[-15,21],[109,43],[30,27],[72,78],[73,156],[-117,-9],[-13,15],[8,95],[-35,114],[-26,14],[-95,-49],[-31,-1],[-33,23],[-32,50],[-38,21],[-69,2]],[[89002,41921],[3,29],[2103,1885],[96,44],[50,52],[74,40],[56,109],[37,21],[-2,46],[18,55],[-27,80],[18,52],[-11,125],[41,24],[60,-3],[30,12],[66,63],[9,40],[48,75],[42,12],[103,-16],[74,33],[79,-5],[51,-21],[32,-36],[60,0],[18,-36],[55,-7],[39,-37],[36,-3],[48,24],[84,-18],[45,27],[1,48],[80,41],[42,45],[10,64],[58,19],[-13,55],[33,17],[9,48],[31,13],[2,48],[29,21],[63,15],[27,85],[26,14],[60,-1],[48,47],[162,22],[0,29],[-39,16],[40,16],[-36,57],[44,14],[5,29],[-44,62],[71,18],[-1,51],[40,8],[-13,52],[39,7],[11,30],[-12,40],[-70,12],[34,74],[-59,36],[74,19],[10,39],[-11,22],[-63,6],[-2,56],[23,7],[104,-16],[46,24],[13,23],[43,-84],[60,-71],[74,-3],[34,17],[-3,55],[-156,215],[-2,39],[20,48],[144,61],[35,-1],[46,-29],[2,-114],[-39,-95],[-12,-73],[10,-22],[107,-85],[194,-90],[91,17],[68,33],[11,26],[-7,21],[-91,157],[-124,36],[-3,44],[63,41],[-95,19],[40,24],[-8,12],[-18,-6],[-4,87],[-34,14],[-18,-27],[-9,17],[2,16],[28,0],[-13,26],[23,29],[-39,-2],[-14,22],[-31,0],[-19,13],[-31,-17],[1,27],[-35,19],[29,30],[12,71],[-22,2],[-4,18],[-29,-5],[21,56],[-32,55],[-51,10],[14,-38],[-49,-10],[8,22],[-19,28],[-34,-23],[-42,22],[14,32],[-14,19],[24,23],[-5,36],[64,20],[40,38],[5,25],[-6,11],[-15,-20],[-20,4],[20,14],[-16,23],[26,3],[8,17],[-11,34],[-23,-15],[-13,8],[1,30],[23,23],[-14,8],[-3,27],[-16,12],[-48,0],[22,23],[52,21],[15,34],[-13,10],[-28,-18],[-21,0],[5,54],[17,16],[-66,84],[17,23],[15,-2],[0,-37],[8,28],[12,4],[29,-31],[34,-6],[36,5],[41,25],[51,-2],[18,48],[-6,14],[-29,-29],[-29,11],[-13,53],[22,25],[-4,33],[59,-33],[12,7],[-1,23],[-23,-4],[-9,12],[-7,53],[26,10],[27,-43],[8,34],[-19,34],[2,31],[36,-47],[11,16],[-4,29],[-45,54],[29,17],[9,-2],[-3,-24],[28,10],[-38,35],[66,51],[-10,15],[24,38],[-2,34],[14,-4],[1,-28],[23,12],[-24,51],[47,16],[-2,42],[-30,-3],[30,43],[-14,18],[29,26],[-13,12],[29,43],[57,11],[9,63],[41,15],[2,100],[110,156],[18,125],[-9,61],[-23,69],[-87,70],[-11,21],[5,25],[107,39],[63,64],[138,100],[22,112],[102,218],[44,188],[70,76],[-5,33],[-46,54],[-3,49],[118,231],[30,22],[40,3],[50,-16],[29,-28],[32,-2],[23,48],[25,23],[3,39],[44,14],[25,32],[1,27],[-36,27],[-7,43],[-29,32],[45,86],[-13,68],[19,97],[46,79],[9,57],[-97,428],[73,88],[9,65],[-17,68],[53,-16],[7,-48],[34,-44],[117,-107],[52,-67],[139,30],[90,-14],[122,24],[73,64],[53,-93],[38,-25],[87,-28],[98,-109],[155,-42],[63,-93],[69,-6],[81,38],[51,101],[46,49],[237,144],[36,47],[44,112],[34,50],[150,126],[230,141],[37,3],[47,-32],[19,1],[59,81],[86,24],[23,91],[62,-21],[37,39],[27,6],[125,-49],[32,-1],[1,95],[37,-17],[31,36],[-63,73],[109,-37],[107,86],[54,-72],[48,62],[102,-9],[47,110],[65,-57],[86,-5],[71,34],[-13,62],[54,-56],[23,-2],[21,31],[-31,38],[41,17],[35,-6],[41,-74],[58,59],[64,27],[-30,79],[43,-29],[28,7],[18,18],[1,55],[46,-16],[7,41],[49,-29],[55,11],[9,12],[-9,28],[84,19],[60,71],[40,15],[9,14],[-26,41],[22,11],[4,16],[44,-8],[51,61],[59,26],[-7,21],[14,17],[162,81],[68,104],[55,130],[14,-3],[17,18],[1,16],[-37,30],[1,20],[25,0],[5,-26],[22,-21],[41,-2],[13,13],[11,68],[19,13],[18,-4],[11,-23],[-15,-63],[27,-19],[42,1],[4,-62],[34,-38],[31,14],[3,38],[19,19],[22,-44],[45,-8],[8,49],[46,33],[56,-53],[60,-36],[17,1],[9,16],[-34,41],[23,21],[37,-16],[27,-43],[38,-27],[54,3],[47,36],[16,-55],[37,21],[13,-32],[20,-9],[15,27],[36,8],[2,29],[-20,23],[20,16],[39,-21],[48,-1],[57,-19],[23,44],[-41,32],[23,11],[32,-24],[23,2],[13,19],[-22,26],[33,18],[93,-74],[-43,-39],[36,-38],[42,23],[44,-23],[37,27],[11,-41],[35,1],[10,55],[-14,28],[-24,5],[2,19],[25,13],[40,-8],[43,24],[20,-33],[18,27],[21,-28],[53,-6],[-6,-21],[-21,-12],[20,-9],[35,10],[-23,-30],[13,-18],[24,19],[-1,56],[17,-5],[6,-34],[16,-12],[21,1],[-5,26],[16,13],[18,-11],[11,-32],[52,5],[10,-12],[-8,-14],[-26,17],[-16,-10],[-2,-37],[38,4],[16,-33],[27,18],[9,30],[21,-27],[-17,-22],[21,-10],[1,-24],[16,-13],[52,50],[15,49],[28,-15],[-9,-51],[34,16],[-18,23],[21,18],[80,-50],[46,47],[-2,35],[14,20],[20,-25],[39,10],[26,-8],[33,-60],[22,3],[10,28],[32,-32],[45,-12],[20,21],[-27,11],[-5,16],[44,-2],[14,12],[-37,29],[23,52],[43,18],[53,-28],[57,17],[1,20],[-32,11],[-17,20],[13,34],[31,3],[33,-13],[24,-27],[-1,-29],[17,-5],[13,15],[-9,39],[18,-5],[9,-30],[13,2],[25,23],[-4,38],[16,29],[20,8],[19,-18],[8,34],[31,-7],[22,19],[30,-30],[33,-2],[2,-35],[34,-23],[6,34],[46,3],[8,28],[29,-31],[36,5],[38,70],[15,-27],[33,30],[64,-29],[22,25],[12,53],[54,-3],[32,62],[37,28],[29,-5],[4,-56],[41,-27],[34,34],[-30,28],[85,25],[-1,-46],[46,-21],[-5,-34],[-24,-21],[22,-25],[55,21],[2,50],[20,16],[54,-17],[41,4],[40,-24],[-1,30],[-23,32],[18,11],[39,-4],[11,15],[-10,27],[34,3],[-11,30],[-42,-24],[3,28],[70,31],[81,-34],[37,-1],[1,27],[-37,17],[12,30],[13,9],[15,-7],[14,-38],[28,13],[17,25],[-55,38],[19,46],[-28,-26],[-12,7],[13,43],[72,36],[51,-42],[39,8],[22,26],[27,-11],[-6,64],[33,15],[30,37],[25,-15],[18,-63],[51,-1],[30,-33],[47,-7],[17,5],[12,33],[28,17],[35,-2],[10,-21],[16,58],[53,19],[23,-24],[40,-3],[-9,-32],[25,-17],[-2,-33],[25,-9],[34,16],[39,-9],[22,23],[-2,28],[-50,38],[19,66],[29,11],[43,-22],[40,14],[6,-34],[29,-33],[-11,-46],[36,-20],[-29,-28],[55,-2],[27,39],[38,-54],[30,79],[17,-3],[13,-35],[34,4],[-24,64],[30,39],[29,-9],[10,-32],[32,8],[25,-26],[-11,30],[15,18],[62,-15],[1,73],[23,6],[34,-21],[-21,48],[10,26],[29,-18],[38,0],[37,-35],[-8,43],[20,17],[41,-8],[13,23],[18,6],[39,-24],[95,11],[66,48],[7,-20],[-22,-22],[14,-8],[42,56],[48,22],[28,-11],[-8,-44],[9,-20],[29,-7],[59,46],[-16,60],[54,34],[39,-12],[-14,-29],[8,-18],[33,-5],[33,14],[12,56],[33,6],[32,22],[35,-1],[41,-19],[25,-29],[-22,-38],[50,11],[4,-40],[29,-8],[9,6],[-9,37],[30,3],[6,-43],[24,-13],[23,7],[-19,28],[9,36],[26,5],[19,-31],[38,-1],[25,22],[-24,22],[14,14],[37,-26],[-6,-37],[23,6],[28,27],[35,-23],[7,49],[42,36],[-9,49],[29,13],[18,-25],[-14,45],[14,22],[39,-40],[39,29],[20,38],[-15,41],[7,35],[24,30],[55,27],[12,55],[17,3],[14,-13],[13,-48],[46,21],[23,-23],[21,29],[74,17],[123,86],[45,-2]],[[106638,54037],[11,-34],[-31,-12],[-8,-46],[-43,-72],[-13,-126],[-26,-49],[29,-86],[2,-48],[44,-57],[8,-41],[-20,-29],[1,-23],[33,-20],[2,-16],[-100,-75],[-46,-19],[-115,-121],[-5,-63],[27,-41],[-16,-33],[0,-57],[-22,-25],[0,-43],[35,-65],[2,-37],[-10,-9],[-71,4],[-58,20],[-52,1],[-13,-37],[-33,-15],[1,-71],[-47,-82],[-17,-121],[-94,-120],[13,-71],[31,-29],[-15,-15],[10,-19],[31,-18],[22,18],[24,-15],[32,18],[22,-17],[19,9],[18,-8],[27,18],[57,-24],[67,-85],[56,-21],[1,-48],[63,-23],[7,-42],[21,-23],[34,-18],[65,1],[35,-16],[11,-17],[-17,-18],[7,-15],[19,-10],[17,13],[8,-27],[45,-17],[31,-32],[26,-90],[18,-6],[-1,19],[13,3],[3,-26],[26,-2],[2,-23],[30,11],[4,-25],[23,-4],[14,-29],[24,15],[22,-17],[43,20],[24,-10],[12,-19],[-15,-24],[33,-26],[-3,-33],[21,-2],[5,-21],[24,1],[1,-37],[22,-4],[3,-16],[22,6],[3,-35],[29,-23],[31,-9],[31,7],[-4,-17],[20,0],[0,-13],[19,11],[17,-16],[28,6],[19,-19],[43,11],[18,-20],[28,0],[6,-37],[30,0],[19,-15],[66,21],[4,-21],[18,-2],[43,20],[16,-26],[27,-3],[4,-22],[24,-11],[-12,-18],[23,-21],[39,-17],[45,7],[21,-20],[46,-2],[32,-48],[38,9],[42,33],[16,-26],[35,20],[19,-14],[19,8],[34,-10],[22,31],[15,-10],[19,9],[1,-16],[17,8],[12,-11],[12,17],[14,-19],[3,18],[14,-26],[28,15],[27,-12],[-3,19],[14,8],[52,-15],[15,29],[16,-16],[19,8],[-2,-20],[9,6],[70,-43],[64,-1],[53,-16],[64,-41],[36,-52],[96,-16],[69,-77],[38,3],[8,-18],[-10,-25],[22,0],[15,25],[19,-69],[28,29],[31,-37],[20,1],[15,21],[24,-9],[8,36],[34,14]],[[109094,50915],[0,-5498],[36,58],[55,6],[112,-124],[41,-25],[89,7],[81,64],[62,151],[156,125],[252,87],[107,4],[73,-49],[50,4],[58,73],[48,8],[74,-6],[3,-21],[-33,-104],[-10,-99],[19,-139],[106,9],[60,-39],[78,-14],[43,6],[38,88],[148,28],[60,38],[34,6],[77,-43],[37,12],[47,79],[134,28],[113,-37],[219,-177],[107,-21],[87,28],[231,-34],[383,80],[66,-28],[27,-30],[74,36],[67,0],[109,-43],[80,18],[52,-21],[14,-49],[-33,-36],[52,-131],[65,-31],[131,7],[44,37],[4,37],[38,59],[157,125],[54,123],[15,0],[32,-68],[16,-3],[38,41],[25,-1],[13,-41],[49,-5],[63,20],[31,25],[32,-15],[12,-23],[30,0],[90,54],[69,22],[77,-100],[58,-24],[16,-108],[140,-3],[15,-27],[-18,-29],[14,-19],[120,19],[65,-13],[83,1],[60,30],[61,-2],[8,-16],[-17,-74],[61,-66],[60,-7],[44,-65],[62,-58],[75,-42],[68,-79],[17,-44],[55,-35],[-1,-31],[-166,-128],[-22,-43],[15,-32],[85,-15],[6,-50],[38,-36],[63,0],[223,-91],[14,-46],[49,-26],[3,-30],[-29,-32],[-51,-3],[-82,23],[-61,-32],[-30,-56],[0,-47],[31,-66],[56,-57],[9,-36],[139,-86],[88,-99],[74,-10],[55,22],[33,-22],[30,-65],[-16,-122],[-44,-83],[-43,-21],[-74,24],[-50,-2],[-38,-12],[-14,-35],[10,-56],[-22,-131],[116,-125],[17,-108],[55,-106],[-17,-118],[-60,-63],[-64,-42],[-87,41],[-33,-11],[-14,-36],[-71,-50],[-49,-69],[65,-194],[47,-34],[84,6],[85,-28],[63,-51],[164,-222],[33,-75],[118,-131],[23,-91],[-22,-60],[-41,-43],[-48,16],[-11,43],[-51,41],[-85,-10],[-94,19],[-38,65],[-71,-24],[-140,27],[-120,-31],[-19,-15],[-39,-109],[-28,-31],[23,-89],[13,-132],[-88,16],[-35,18],[-35,-18],[-33,4],[-50,-14],[-67,-37],[-41,8],[-41,50],[-105,-36],[-21,20],[-52,-14],[-62,8],[-26,-43],[-100,21],[-32,19],[-30,-17],[-54,-3],[-3,26],[16,25],[56,39],[30,49],[-10,46],[-45,83],[26,83],[21,26],[-4,11],[-35,7],[-81,-10],[-71,-47],[-42,-53],[-65,-42],[-6,-44],[-15,-8],[-16,17],[7,41],[-12,65],[-18,-5],[-12,-26],[-14,1],[-52,50],[-33,-1],[-11,-8],[-1,-69],[-72,-72],[-8,-32],[-29,-32],[3,-25],[-21,-8],[-42,11],[-121,164],[-137,109],[-63,67],[-49,22],[-62,49],[-31,108],[-36,15],[-21,65],[-36,29],[-38,2],[-14,18],[-81,22],[-46,51],[-3,32],[20,28],[6,52],[-58,28],[-64,-10],[-87,37],[-27,45],[-3,62],[-37,42],[-64,-15],[-88,10],[-64,-65],[-121,-44],[-26,-26],[-25,-61],[-80,10],[-161,-102],[-4,-57],[15,-36],[-40,-106],[-208,17],[-34,26],[-43,-34],[-5,-53],[-66,-41],[-54,-64],[-42,8],[-16,-23],[-99,-48],[-5,-46],[44,-14],[53,-60],[-19,-21],[-134,-11],[-21,-20],[-7,-132],[21,-37],[-8,-9],[-22,-5],[-39,85],[-41,33],[-31,62],[-57,8],[-7,-49],[-7,-11],[-18,3],[-39,72],[-29,14],[-25,34],[6,47],[-29,45],[-4,30],[-26,27],[-21,2],[-11,32],[-140,15],[-25,-10],[-39,31],[-149,-34],[9,-80],[-40,-50],[-42,54],[-23,-30],[-21,-5],[-20,13],[-47,-55],[-10,8],[-16,-57],[-48,6],[0,-64],[-23,-29],[7,-17],[-52,-109],[-77,-31],[-37,3],[-30,-29],[-75,90],[-19,3],[-13,-32],[-110,-65],[2,-36],[-47,-6],[-59,-34],[-39,0],[-14,-25],[-28,-7],[-27,-44],[-15,-1],[-10,-41],[-55,-12],[-5,-40],[-17,-11],[-46,3],[-11,-58],[-60,39],[-32,80],[-80,28],[-11,21],[-93,-4],[-23,-44],[-21,-9],[-57,24],[-52,-12],[-18,14],[-44,-15],[-21,-67],[-15,-4],[-62,16],[-19,28],[-98,-43],[-71,-7],[-43,26],[-19,46],[-33,2],[-16,-31],[-34,-10],[-51,34],[-27,0],[-42,46],[-11,-34],[33,-47],[-19,-7],[-33,-83],[-90,-51],[3,-43],[-60,-55],[-47,35],[-50,-4],[-88,44],[-45,0],[-26,50],[0,32],[-131,58],[-65,-29],[-32,11],[0,-38],[28,-5],[-1,-28],[-36,13],[-57,55],[-42,-14],[-3,-19],[61,-36],[19,-45],[-42,-26],[5,-77],[-89,-50],[-30,35],[-35,-24],[-74,-9],[-20,31],[18,67],[-54,54],[-107,35],[-79,-29],[2,-2593],[34,-1635],[-1,-2218],[406,-285],[54,-81],[1,-83],[41,-19],[9,11],[44,-17],[41,-67],[7,-43],[64,-82],[32,-25],[39,-8],[-2,-17],[43,-27],[23,1],[55,-25],[-21,-27],[58,-88],[33,-13],[27,12],[39,-10],[-13,-40],[16,-52],[21,-1],[-2,-33],[7,10],[20,-30],[7,9],[-2,-21],[14,-13],[-9,-19],[30,-3],[-3,-9],[11,11],[8,-6],[27,-72],[35,-9],[4,-11],[6,14],[18,-8],[20,-28],[42,-14],[-9,-9],[23,-16],[24,1],[15,-24],[30,-3],[7,12],[19,-24],[17,11],[19,-10],[17,-23],[21,20],[-12,7],[19,10],[-4,14],[20,-6],[5,18],[21,6],[19,-5],[-10,-16],[53,-7],[11,-17],[41,-7],[47,10],[13,-9],[1,11],[12,-8],[17,13],[8,-21],[15,9],[9,-8],[10,12],[12,-6],[-5,14],[17,-1],[4,-13],[30,11],[0,14],[17,-12],[19,9],[23,-46],[25,1],[3,10],[17,-13],[7,-32],[-10,-11],[24,-11],[-10,-12],[23,-32],[11,4],[-4,-24],[36,-50],[1,-59],[-15,-22],[25,-20],[-6,-12],[29,21],[13,-10],[64,10],[10,13],[21,-19],[20,11],[91,-78],[88,-17],[-17,-19],[0,-20],[34,-38],[18,3],[23,-20],[19,14],[34,-22],[19,19],[-5,16],[23,1],[9,-14],[8,16],[8,-25],[-17,-5],[33,1],[-4,-28],[21,1],[28,-22],[10,-30],[11,-6],[5,17],[20,-2],[35,-36],[15,7],[4,-18],[19,-1],[-17,-24],[3,-24],[27,22],[-4,-30],[14,6],[3,-17],[18,10],[-6,-20],[10,-17],[-12,-9],[28,2],[0,-21],[20,21],[-1,-42],[18,29],[11,-5],[1,-40],[-15,-10],[30,-16],[-5,-32],[20,11],[-4,-18],[17,-26],[13,5],[16,-13],[19,9],[5,-22],[28,-7],[-6,-19],[24,7],[10,-23],[-21,-8],[34,1],[-8,12],[17,19],[1,-43],[19,32],[8,-4],[-5,-47],[30,11],[16,-25],[22,12],[-7,12],[19,-1],[-7,-21],[23,-30],[31,34],[14,-38],[49,9],[-9,19],[31,6],[-9,-35],[17,-1],[-4,-22],[21,3],[-5,-21],[23,36],[79,-55],[20,12],[3,-16],[-15,-12],[22,-9],[6,-20],[30,24],[7,-19],[11,3],[2,22],[8,-30],[21,4],[10,-11],[9,22],[13,-13],[13,4],[-9,14],[10,-1],[8,-15],[-12,-12],[15,-16],[15,3],[4,26],[37,-48],[29,11],[-7,-23],[24,-5],[3,-17],[66,-13],[7,-22],[27,-3],[-16,-13],[0,-20],[3,-22],[32,-2],[-27,-20],[16,-11],[1,-23],[16,15],[22,-14],[11,18],[18,-41],[18,21],[-2,17],[22,-24],[37,0],[-16,-15],[9,-14],[24,0],[-9,-21],[25,20],[24,-7],[-9,23],[26,-10],[9,-19],[21,9],[-2,-22],[26,12],[-2,12],[35,-22],[-32,-16],[38,-19],[-20,-13],[26,-19],[-26,-2],[11,-18],[-18,-7],[2,-18],[15,1],[5,-14],[-22,3],[-9,-21],[-17,3],[11,-19],[-23,-4],[24,-17],[-28,-13],[27,-10],[-19,-38],[15,-18],[-14,-28],[21,-7],[10,-28],[16,3],[3,-20],[28,0],[0,-15],[25,3],[33,-23],[-35,-28],[12,-12],[29,10],[-11,-34],[22,-3],[-2,-17],[11,28],[14,-1],[19,-25],[-35,-30],[35,1],[8,-11],[-12,-14],[16,-7],[-19,-15],[6,-17],[-34,-10],[18,-78],[-27,-22],[22,-7],[1,-12],[-56,-83],[-25,-3],[5,-45],[13,-12],[23,11],[16,-29],[29,-5],[12,-22],[41,-5],[-16,-35],[52,-37],[19,-35],[-32,-11],[0,-16],[38,-9],[27,16],[6,28],[49,-36],[12,-31],[18,4],[4,-17],[-36,-11],[13,-30],[-26,5],[-6,-11],[35,-36],[41,18],[46,-50],[-16,-35],[-20,-15],[-30,5],[-33,-36],[9,-30],[-32,-5],[15,-20],[-4,-37],[-33,-24],[20,-11],[20,11],[0,-16],[-35,-6],[-25,16],[-14,-5],[12,-48],[28,13],[13,-13],[-32,-50],[-27,16],[-27,-6],[25,-78],[-49,-11],[-33,-43],[-37,10],[7,-22],[23,-9],[-6,-19],[-19,3],[-28,31],[-13,-7],[2,-30],[25,-4],[7,-14],[-21,-15],[-40,0],[0,-24],[30,3],[8,-12],[-36,-16],[-1,-14],[20,-11],[-28,-41],[11,-29],[-40,23],[-22,-14],[5,-14],[44,-22],[-25,-46],[-22,-5],[-16,38],[-54,-13],[51,-48],[20,1],[1,-17],[-79,-11],[-19,-43],[-17,6],[-11,33],[-17,-7],[14,-44],[-15,-23],[21,-8],[38,15],[10,-12],[-60,-38],[-20,-22],[-2,-21],[31,-1],[28,31],[32,-22],[-12,-31],[7,-41],[-34,-16],[6,-13],[27,2],[34,23],[25,-20],[15,23],[11,-4],[1,-21],[-32,-13],[4,-31],[-23,-27],[14,-16],[36,-8],[2,-20],[30,26],[4,-34],[22,-9],[-20,-27],[12,-26],[18,-11],[10,15],[14,-4],[-11,-40],[-36,10],[7,-20],[58,-2],[20,23],[21,-13],[37,15],[-4,-38],[18,-15],[-36,-2],[-4,-10],[22,-23],[-2,-14],[30,-8],[0,-47],[45,10],[-17,-30],[22,-4],[18,35],[13,2],[-2,-96],[54,5],[-8,42],[51,-19],[4,-20],[-11,-12],[50,-39],[12,-34],[-33,-67],[-53,-50],[-44,5],[-4,-61],[22,-8],[30,-46],[25,-15],[74,20],[4,-59],[48,14],[18,-9],[7,-16],[-16,-29],[42,-46],[16,1],[24,31],[18,-3],[9,-14],[-8,-20],[25,-40],[15,37],[-12,28],[14,10],[29,-29],[-5,-46],[51,-8],[-4,-49],[-21,2],[-18,23],[-13,-22],[17,-15],[61,4],[-63,-36],[44,-25],[30,-36],[-28,-39],[34,-17],[-49,-24],[-31,19],[-7,-18],[32,-25],[59,0],[5,-16],[-16,-19],[-83,17],[-32,-37],[14,-15],[38,9],[24,-29],[-27,-28],[2,-49],[53,-26],[-13,-19],[-32,-4],[4,-15],[35,-13],[27,18],[21,0],[14,-15],[-9,-40],[19,-12],[30,5],[10,38],[18,-2],[-6,-50],[29,-24],[-10,-23],[54,-4],[19,-24],[38,-13],[-9,-23],[-25,-9],[2,-15],[30,2],[24,34],[19,1],[17,-20],[-17,-45],[19,-2],[16,36],[19,6],[57,-37],[-4,-33],[33,-2],[12,-29],[13,-3],[14,22],[12,-1],[24,-65],[61,-24],[-28,-64],[13,-35],[-32,-9],[-3,-15],[27,-43],[45,-7],[6,-50],[26,28],[11,-3],[32,-44],[19,-7],[81,53],[19,2],[35,-62],[-11,-43],[19,-10],[19,7],[19,29],[45,-27],[39,46],[16,-6],[0,-56],[-17,-21],[-42,-2],[-35,31],[-28,-19],[-3,-26],[22,-18],[30,-3],[30,14],[34,-11],[-27,-24],[-38,2],[-28,-15],[-45,9],[0,-23],[26,-9],[5,-16],[-20,-19],[-47,-11],[16,-43],[-27,4],[-27,48],[-20,-7],[23,-92],[46,1],[20,-19],[33,2],[-23,-32],[11,-13],[21,15],[3,34],[12,5],[3,-71],[44,-28],[34,32],[17,-18],[-44,-40],[-25,-57],[5,-37],[-12,-8],[-24,14],[-12,-11],[45,-51],[51,-6],[5,-11],[-20,-21],[-28,-5],[-63,48],[-12,-42]],[[84710,95385],[38,-111],[2,-96],[-49,-26],[2,-74],[22,-33],[74,-26],[34,-112],[36,-21],[9,-41],[17,-16],[39,-14],[-11,-46],[-23,-26],[-31,-113],[-5,-45],[14,-35],[-14,-20],[-57,-26],[-14,-27],[-59,-33],[-2,-17],[5,-36],[25,-23],[-20,-205],[40,-29],[34,-175],[-70,-78],[-6,-39],[12,-36],[70,-89],[29,-96],[-1,-79],[-41,-121],[35,-46],[4,-128],[-11,-34],[-31,-34],[-17,-57],[-115,-106],[-54,-24],[-79,-89],[-15,-130],[-65,-90],[-76,-31],[-66,-53],[-19,-152],[47,-78],[26,-126],[-9,-31],[-45,-37],[-6,-37],[-39,-51],[-2,-32],[21,-33],[128,-90],[-15,-20],[-5,-62],[-33,-52],[-14,-13],[-208,-18],[-63,-30],[-43,-37],[-87,-22],[-56,-57],[-17,-42],[-46,-13],[-44,-35],[-7,-53],[-34,-33],[-32,-5],[-98,-54],[-40,-13],[-42,2],[-31,-23],[-148,-13],[-137,95],[-24,81],[-54,68],[-12,67],[-66,107],[3,31],[-26,79],[-35,51],[10,25],[-81,73],[-14,82],[-53,40],[-30,88],[-27,18],[-32,4],[-13,30],[-60,64],[-32,5],[-60,-22],[-94,49],[-26,18],[-15,45],[15,28],[-7,13],[-65,6],[-85,91],[-42,21],[-73,-30],[-80,7],[-96,-99],[-33,3],[-86,-73],[-38,-12],[27,-84],[-10,-37],[-23,-18],[17,-23],[85,-74],[43,-12],[73,11],[64,-33],[32,-48],[22,-124],[49,-63],[99,-54],[67,9],[115,-30],[-15,-45],[7,-91],[41,-80],[72,-69],[-16,-44],[-104,-98],[35,-48],[-14,-51],[9,-199],[27,-84],[-10,-95],[37,-29],[3,-54],[26,-36],[-8,-21],[-45,-14],[0,-90],[-12,-15],[-63,-16],[-82,-68],[-4,-59],[-21,-25],[22,-88],[-55,-61],[-33,-12],[8,-75],[-24,-46],[50,-65],[-7,-98],[12,-38],[77,-41],[14,-132],[-46,-53],[-7,-32],[14,-81],[40,-54],[-4,-40],[-50,-20],[-10,-36],[-34,-28],[-71,-9],[-43,11],[-70,-78],[-36,-1],[-48,33],[-87,23],[-100,-10],[4,-44],[-55,-84],[-6,-51],[-80,-113],[-13,-69],[-42,-38],[-16,-103],[-37,-84],[-141,-42],[-69,23],[-39,-25],[-97,23],[-25,-29],[0,-34],[17,-35],[-25,-65],[-30,-14],[-204,-11],[-29,-93],[-63,-45],[-57,14],[-18,-6],[-32,-69],[-32,-7],[-9,-15],[7,-61],[-9,-29],[-70,-7],[-40,-73],[-75,-5],[-22,-46],[-49,-25],[-21,-42],[10,-54],[-12,-27],[3,-52],[-30,-38],[-30,-11],[5,-52],[-17,-70],[-66,-46],[-11,-36],[-51,-10],[-16,-39],[-60,-20],[-19,-79],[-26,-41],[-6,-56],[-17,-21],[-40,-13],[-68,-115],[-50,-53],[-66,175],[-3,141],[-77,120],[-56,38],[12,17],[-14,13],[-105,-21],[-37,-36],[-43,-5],[-32,-29],[-79,-1],[-59,-75],[-217,-128],[-84,38],[-12,32],[-183,-29],[-121,19],[-32,41],[8,68],[-40,45],[-23,80],[-15,-48],[5,-126],[-22,-101],[-15,-43],[-42,-44],[-180,115],[-134,35],[-59,35],[-25,-2],[-46,-99],[-30,-11],[-84,-72],[-6,-45],[-20,-9],[-2,-39],[40,-82],[-45,-42],[19,-45],[-5,-41],[-83,-88],[-29,-50],[-42,-142],[-41,-59],[-2,-54],[4,-24],[27,-16],[59,-5],[93,-48],[87,-13],[25,-22],[10,-50],[24,-28],[84,-49],[9,-48],[62,-63],[16,-70],[0,-31],[-38,-31],[-47,-81],[-50,-5],[-44,-59],[-42,10],[-46,-26],[-120,2],[-63,-44],[-113,-32],[-41,29],[-45,71],[-9,43],[-51,4],[-11,12],[-9,84],[-43,19],[-76,75],[-35,-3],[-56,-42],[-29,-6],[-67,36],[-53,-7],[-68,26],[-31,-5],[-45,-30],[-80,-2],[-47,55],[-78,45],[-72,85],[-41,7],[-127,-17],[101,-33],[-8,-44],[86,-103],[28,-69],[-25,-23],[3,-54],[-40,-16],[21,-68],[-61,-67],[-11,-147],[-22,-31],[-27,-13],[-14,-37],[-69,-32],[-4,-67],[-37,-45],[0,-70],[-104,-109],[-38,16],[-26,38],[-129,37],[-61,50],[-129,-4],[-29,106],[16,19],[3,62],[-22,34],[-136,79],[-19,43],[-39,30],[-45,23],[-93,19],[-6,24],[21,75],[58,79],[-1,85],[14,15],[93,24],[86,-27],[66,3],[16,12],[-18,86],[-23,28],[-40,198],[32,20],[69,3],[69,20],[44,-12],[58,12],[38,-18],[13,8],[-12,34],[10,39],[51,35],[26,85],[21,26],[-3,25],[-14,10],[18,45],[21,26],[54,19],[3,126],[50,62],[26,73],[43,53],[-5,91],[36,162],[-4,67],[-138,169],[-27,67],[-69,96],[-64,57],[-5,60],[-114,82],[-8,26],[32,44],[-115,-47],[-70,11],[-101,56],[-78,27],[-120,114],[-84,19],[-103,47],[-95,67],[-145,-84],[-9,-96],[-109,-109],[11,-129],[-54,-80],[-30,-20],[-59,-108],[-52,-30],[-96,-22],[-74,-100],[-133,-52],[-47,-45],[-61,-227],[5,-128],[-119,-252],[-67,-82],[-96,-25],[-47,-60],[-32,-18],[5,-48],[-18,-92],[50,-42],[107,-24],[134,-187],[-81,-194],[-93,-157],[-10,-59],[-37,-81],[-18,-102],[-35,-68],[33,-110],[5,-64],[-38,-104],[-10,-143],[-53,-53],[-27,-99],[-68,-103],[-74,-2],[-14,10],[-5,45],[-72,76],[-82,180],[-67,18],[-43,25],[-110,23],[-44,44],[-10,47],[-58,45],[-7,32],[-42,47],[-35,-64],[-77,-29],[-46,0],[-74,35],[-31,-29],[-48,11],[-80,-19],[-171,-132],[-45,-57],[-60,-48],[-31,-41],[1,-34],[-32,-41],[-58,-20],[-107,-103],[-35,3],[-28,17],[16,64],[-8,87],[-19,28],[-50,18],[-34,-10],[-50,11],[-68,-13],[-19,-39],[-107,-87],[3,-40],[-44,-64],[-120,-40],[-115,12],[24,45],[0,44],[54,45],[-4,34],[27,25],[-14,22],[-37,2],[-18,28],[-58,18],[-47,-10],[-16,-19],[-75,22],[-27,-18],[-83,3],[-46,15],[-19,32],[-195,-45],[-92,23],[-56,-2],[-110,-71],[-81,-87],[-95,78],[-8,46],[-44,51],[-2,49],[-46,110],[-33,25],[-52,-2],[8,110],[-56,11],[-16,48],[-47,53],[-2,86],[-18,29],[11,45],[-266,111],[-51,-1],[-57,-33],[-124,35],[-5,115],[-43,69],[-32,14],[-41,119],[-95,157],[-35,12],[-153,-16],[-103,18],[-113,97],[-160,73],[-144,124],[-30,-26],[-2,-46],[-62,-165],[-73,-75],[1,-30],[38,-77],[-4,-32],[-21,-31],[-40,-19],[-147,-18],[-45,-29],[-35,-65],[-34,-28],[-83,-23],[-143,2],[-73,-66],[-46,100],[-63,41],[2,53],[-32,38],[1,57],[-20,38],[26,14],[70,82],[106,62],[65,92],[109,44],[66,60],[31,57],[29,109],[-23,39],[-79,44],[-21,78],[19,48],[104,101],[22,50],[-30,66],[-259,238],[-40,73],[-8,96],[-44,119],[25,100],[-14,49],[36,54],[-5,41],[-27,25],[-112,47],[-29,46],[-178,29],[-31,-16],[-35,-45],[-35,-6],[-54,-40],[-219,-64],[-28,-38],[-30,-115],[-24,-31],[-101,-18],[-98,53],[-79,-36],[-24,0],[-22,54],[-40,50],[-106,87],[-22,125],[-44,63],[-56,23],[-151,2],[-145,49],[-47,38],[-15,104],[-33,100],[-1,135],[-126,125],[-67,30],[-20,29],[44,123],[-4,121],[21,106],[-28,20],[-69,-4],[-39,10],[-81,57],[-98,42],[-38,37],[-29,106],[-57,76],[-24,105],[-46,85],[7,54],[42,61]],[[67403,31443],[8,38],[-51,111],[-51,16],[-97,-142],[-29,-22],[-81,-6],[-36,85],[3,248],[41,143],[-26,43],[-146,17],[-121,60],[-132,31],[-34,74],[-37,46],[-90,-40],[-35,-96],[-89,8],[-38,21],[0,24],[55,94],[-25,81],[-54,3],[-159,-74],[-148,99],[-62,338],[-90,98],[-222,151],[-105,57],[-175,-1],[-72,51],[0,40],[83,134],[-7,45],[-33,10],[-308,-86],[-46,-20],[-93,-96],[-97,21],[-45,55],[-40,149],[36,102],[-26,44],[-64,21],[-76,-42],[-128,-136],[-94,16],[-90,41],[-42,78],[36,209],[4,105],[-44,90],[-69,62],[-121,275],[-68,201],[-125,128],[-53,37],[-49,78],[-66,55],[-67,15],[-47,-12],[-125,-91],[-102,-53],[-131,-219],[-119,-70],[-170,0],[-63,-36],[-111,66],[-66,186],[-46,66],[-40,32],[-40,2],[5,-145],[-20,-43],[-51,-32],[-40,18],[-27,37],[-14,113],[-23,50],[-131,17],[-61,47],[-39,150],[-92,89],[-24,103],[-114,61],[-246,-7],[-262,305],[-123,28],[-216,240],[-122,14],[-154,45],[-127,3],[-94,33],[-280,222],[-129,36],[-151,11],[-171,-86],[-110,-266],[-230,-269],[-83,-33],[-104,-77],[-42,-5],[-46,12],[-95,94],[-89,53],[-71,9],[-217,-15],[-90,31],[-62,78],[-80,24],[-106,9],[-116,-39],[-128,-16],[-323,91],[-218,150],[-115,146],[-36,19],[-153,4],[-44,15],[-192,94],[-137,101],[-36,50],[-51,12],[-296,-78],[-61,0],[-70,74],[-3,103],[24,48],[6,49],[-25,76],[-60,25],[-112,-40],[-82,36],[-71,104],[-40,38],[-55,23],[-18,31],[12,29],[-9,20],[-37,15],[-57,-2],[-32,-104],[-45,-25],[-38,-4],[-55,42],[-125,49],[-109,-46],[-189,38],[-72,2],[-127,-16],[-146,8],[-98,-29],[-71,24],[-77,80],[-58,22],[-45,-4],[-71,38],[-135,-51],[-39,10],[-27,41],[-44,168],[-81,110],[-77,54],[-84,92],[-45,75],[-39,119],[-43,40],[-66,18],[-47,-41],[-56,-93],[-49,-4],[-22,25],[2,114],[-14,35],[-41,24],[-100,-38],[-49,-3],[-25,24],[0,31],[75,69],[8,63],[-12,31],[-177,94],[-33,34],[-27,81],[-71,81],[-111,44],[-78,1],[-25,15],[-39,51],[3,30],[68,23],[1,37],[-3,15],[-49,16],[-15,34],[7,68],[-15,27],[-151,16],[-185,57],[-76,-2],[-12,12],[-4,36],[29,28],[156,-19],[30,26],[-2,35],[-18,27],[-92,12],[-14,18],[-2,148],[-16,42],[-51,62],[-49,33],[-233,38],[-35,19],[-60,49],[-77,149],[-33,27],[-102,23],[-135,2],[-32,-10],[-96,-146],[-109,-37],[-45,19],[-36,24],[-24,51],[-8,44],[22,78],[-8,65],[-76,174],[-50,38],[-168,72],[-66,74],[-82,-82],[-128,-60],[-101,10],[-53,33],[-66,70],[-31,14],[-131,-80],[-31,-3],[-14,21],[-31,192],[-16,15],[-44,9],[-110,-52],[-70,22],[-34,40],[21,91],[-2,62],[-24,29],[-112,78],[-40,9],[-47,-18],[-77,-98],[-47,-20],[-63,12],[-55,94],[-26,11],[-15,-8],[-155,-176],[-30,-224],[-88,-51],[-47,-14],[-50,10],[-66,90],[-76,26],[-48,-10],[-197,-94],[-134,-22],[7,-1175],[-19,-15],[-82,-47],[-49,-6],[-24,54],[52,66],[0,33],[-21,27],[-77,20],[-96,-19],[6,-53],[24,-59],[-45,-26],[-275,-4],[-94,29],[-157,-51],[-90,41],[-97,101],[-77,48],[-322,-126],[-64,-79],[-67,-45],[16,-61],[-54,-31],[-38,19],[-36,54],[-93,29],[-90,123],[-33,82],[-70,63],[-103,-12],[-114,-73],[-36,-7],[-27,21],[23,110],[-19,36],[-74,14],[-140,-22],[-80,46],[-131,33],[-96,-85],[-45,31],[-87,102],[-56,35],[-28,-17],[-28,-51],[-28,-22],[-95,-28],[-136,-97],[3,-22],[22,-20],[76,1],[30,-14],[11,-34],[-39,-42],[-110,-42],[-24,2],[-19,15],[-25,63],[-72,67],[-60,30],[-70,3],[-83,-28],[-38,-42],[-56,7],[-53,-15],[-175,-130],[-36,-9],[-47,12],[-80,51],[-138,43],[-41,1],[-70,-44],[-82,11],[-72,-17],[-39,3],[-84,43],[-57,45],[-113,47],[1,30],[48,25],[14,28],[-9,21],[-35,25],[-43,-6],[-71,-66],[-109,2],[-84,31],[-124,-47],[-50,-7],[-96,116],[-16,74],[-81,53],[-41,-5],[-36,-25],[-87,-101],[-26,-14],[-39,8],[-31,46],[-46,17],[-48,46],[-50,0],[-7,-43],[-17,-12],[-110,20],[-60,-23],[-38,0],[-41,55],[-10,48],[-69,47],[17,29],[66,50],[-14,53],[-35,29],[-83,36],[-34,92],[-84,79],[-7,42],[17,48],[-46,83],[-19,63]],[[42400,39420],[12,11],[-5,74],[12,12],[27,-14],[10,-39],[10,0],[15,41],[41,-26],[33,38],[-2,103],[63,-20],[15,27],[-13,28],[-52,20],[27,22],[-13,81],[12,37],[20,11],[11,53],[-40,26],[-10,20],[-64,-33],[-57,132],[4,63],[45,80],[9,88],[-37,66],[-91,31],[-19,22],[0,100],[-65,80],[42,30],[0,14],[-21,41],[-53,36],[-16,62],[-9,104],[22,70],[-14,31],[2,50],[45,3],[52,47],[32,-14],[14,15],[-39,40],[-11,28],[4,78],[21,32],[-20,36],[20,24],[-13,19],[7,9],[-13,11],[-25,-7],[-2,32],[-16,-6],[-27,44],[-13,-38],[-36,-12],[-73,70],[-156,21],[-125,58],[-48,35],[-103,117],[430,1618],[30,25],[172,39],[149,56],[-55,90],[-59,45],[-22,41],[-12,41],[14,48],[-1,99],[-71,44],[51,163],[95,32],[71,71],[94,21],[16,73],[37,43],[15,48],[26,20],[17,38],[46,33],[-12,60],[-38,55],[5,42],[112,94],[76,22],[89,7],[56,68],[26,64],[82,7],[11,23],[-4,71],[24,65],[-25,76],[-47,58],[-37,74],[-7,84],[-68,-74],[-62,-30],[-52,2],[-31,27],[-16,34],[-5,93],[-22,24],[-148,70],[-50,36],[-17,29],[-39,104],[37,204],[-1,96],[-37,118],[-23,275],[77,81],[31,60],[-55,32],[-52,2],[-51,39],[-71,12],[-39,32],[-41,38],[-26,142],[149,6],[92,30],[50,-9],[32,33],[58,11],[47,106],[-5,79],[47,42],[67,29],[85,72],[49,83],[111,20],[134,89],[94,10],[64,58],[26,59],[55,5],[46,22],[31,-20],[46,11],[34,30],[1,84],[38,59],[101,-88],[64,-31],[52,-66],[3,-45],[28,-9],[24,-37],[62,-24],[43,-2],[53,-51],[11,-58],[37,10],[61,50],[33,60],[75,90],[9,64],[-19,42],[24,67],[-12,23],[-81,61],[-20,40],[-58,31],[8,79]],[[44168,47753],[58,-34],[180,167],[69,93],[60,5],[38,-17],[37,6],[36,30],[81,14],[18,36],[34,26],[239,69],[104,68],[89,15],[68,61],[55,10],[38,21],[77,-14],[92,21],[54,43],[139,25],[85,79],[90,4],[58,22],[78,54],[131,31],[147,99],[92,104],[77,4],[65,-67],[63,-8],[61,-29],[25,-46],[71,-70],[13,-74],[58,-38],[29,-38],[119,-18],[82,-58],[16,-24],[8,-58],[86,-80],[-10,-42],[9,-9],[140,-2],[17,-21],[1,-31],[-32,-68],[8,-127],[-11,-77],[-48,-53],[-12,-32],[9,-38],[67,-86],[18,-72],[-88,-123],[-24,-54],[27,-75],[1,-74],[26,-50],[55,-48],[32,-63],[15,-153],[196,-171],[37,-16],[56,-111],[-2,-32],[-42,-92],[6,-94],[-23,-55],[17,-50],[-16,-64],[6,-46],[-40,-63],[-18,-82],[19,-76],[-16,-84],[-44,-80],[-101,-89],[-2,-27],[25,-45],[-36,-73],[6,-19],[41,-28],[1,-57],[51,-52],[17,-76],[60,-92],[16,-95],[83,-39],[73,6],[61,-38],[59,12],[93,-11],[39,15],[83,-31],[8,-45],[47,-55],[17,-71],[47,-52],[116,-27],[79,-64],[43,-21],[23,-39],[56,-27],[-10,-25],[9,-78],[79,-8],[95,-67],[25,-2],[38,27],[28,-1],[28,-17],[26,8],[10,49],[32,37],[25,56],[60,9],[102,-39],[136,74],[195,-33],[14,-5],[-12,-10],[5,-15],[23,-15],[40,33],[62,17],[2,-59],[58,-44],[-29,-60],[17,-26],[121,51],[53,9],[94,-25],[37,2],[119,73],[20,63],[40,32],[46,-23],[28,-76],[88,19],[64,66],[30,5],[-2,-41],[34,-65],[43,-37],[49,-1],[15,11],[0,35],[-44,65],[27,37],[24,5],[61,-21],[190,-5],[29,15],[54,73],[50,27],[18,25],[9,26],[-13,38],[-43,26],[-36,-4],[-46,-42],[-20,-4],[-22,13],[-5,33],[39,98],[32,5],[78,-67],[82,24],[14,24],[-28,55],[5,25],[100,39],[61,4],[131,-92],[25,2],[31,21],[11,-30],[112,-82],[72,-20],[89,28],[36,25],[58,96],[21,9],[51,-43],[53,-12],[108,21],[42,49],[4,57],[-58,100],[-98,32],[-16,37],[21,30],[28,10],[35,-7]],[[51838,45282],[146,-31],[163,-54],[38,5],[71,45],[53,-22],[120,-21],[107,74],[22,-1],[47,-34],[-7,-138],[12,-60],[29,-22],[23,0],[41,46],[25,118],[-1,49],[-32,64],[-36,29],[-42,15],[-8,17],[12,42],[44,2],[64,-23],[107,-66],[130,-153],[120,-94],[46,-24],[68,-13],[77,32],[42,-5],[24,-17],[8,-25],[-8,-74],[-119,-97],[-4,-53],[17,-63],[-15,-28],[-140,-56],[-7,-17],[13,-35],[54,-8],[70,33],[38,2],[130,-29],[98,-49],[15,-31],[-3,-91],[17,-88],[73,-90],[29,-25],[208,-66],[53,-44],[10,-54],[-34,-72],[-1,-59],[50,-98],[65,-31],[18,-32],[106,-23],[57,1],[109,43],[51,76],[59,56],[105,-28],[85,-110],[147,-120],[70,-131],[15,-103],[26,-24],[32,-4],[33,15],[48,50],[35,63],[97,75],[135,9],[110,-16],[156,29],[108,-40],[185,86],[99,79],[41,9],[82,-52],[145,-47],[38,-23],[17,-38],[-9,-71],[9,-62],[41,-57],[287,-31],[130,-42],[63,4],[66,21],[58,0],[18,-11],[38,-74],[-23,-83],[11,-109],[-12,-74],[11,-30],[30,-40],[199,-109],[85,-19],[46,19],[54,70],[57,28],[25,0],[73,-41],[21,-63],[4,-66],[21,-25],[81,-34],[48,0],[146,-73],[70,-8],[161,-69],[65,-9],[66,13],[102,119],[68,30],[229,-17],[57,47],[76,99],[48,16],[30,-20],[12,-26],[21,-126],[69,-64],[56,-7],[98,20],[43,-25],[5,-80],[32,-43],[46,-16],[30,9],[83,-14],[96,6],[31,-16],[52,-52],[42,-114],[-59,-162],[-93,-105],[-12,-78],[126,-106],[124,-26],[110,4],[79,-45],[89,-154],[-23,-87],[56,-82],[31,-131],[-23,-47],[-35,-29],[-78,-7],[-84,-39],[-17,-38],[16,-106],[52,-159],[156,-226],[121,-87],[-11,-57],[-33,-51],[-28,-12],[-126,20],[-26,-30],[3,-38],[21,-28],[123,-8],[128,45],[65,-23],[118,4],[126,-32],[69,11],[66,33],[142,147],[96,73],[116,11],[76,-25],[19,-106],[-18,-107],[-86,-86],[17,-22],[96,3],[131,55],[75,48],[110,-8],[98,-48],[53,0],[100,31],[41,-6],[75,-54],[101,-199],[34,-117],[159,-145],[36,-55],[16,-89],[-37,-54],[-130,-51],[-100,-2],[-52,-65],[91,-414],[82,-29],[138,-99],[28,-101],[-54,-70],[-159,-32],[-60,-43],[-19,-73],[72,-96],[84,-15],[129,-71],[117,-143],[70,-42],[146,3],[62,47],[92,31],[217,12],[112,-36],[88,-48],[164,-161],[161,-76],[167,-14],[134,31],[248,-66],[175,31],[147,-6],[234,-44],[140,-82],[74,-116],[164,-130],[72,-80],[20,-186],[26,-119],[-1,-130],[-24,-95],[-61,-61],[-74,-26],[-61,11],[-61,55],[-57,30],[-29,-10],[-4,-49],[80,-79],[56,-30],[53,-1],[120,35],[109,-9],[83,-32],[30,-51],[-30,-117],[-61,-64],[-74,-29],[-83,-51],[-145,30],[-52,-3],[-8,-59],[115,-144],[117,-51],[65,-62],[13,-34],[131,-129],[2,-145],[-40,-83],[-73,-38],[-105,-33],[-15,-17],[-8,-54],[30,-50],[50,-14],[186,173],[73,32],[156,-69],[85,-61],[29,-64],[-36,-129],[-112,-56],[-12,-48],[316,-92],[84,-56],[124,-57],[305,-69],[111,-61],[45,17],[20,59],[-19,57],[-65,55],[-18,30],[-3,59],[25,40],[41,17],[103,-9],[77,-94],[27,-73],[-35,-114],[7,-64],[35,-46],[75,-30],[100,-4],[56,21],[96,132],[56,103],[4,208],[22,67],[50,45],[55,1],[65,-23],[51,-44],[63,-60],[46,-69],[11,-83],[-18,-60],[-64,-65],[-134,-87],[-27,-37],[3,-50],[45,-12],[62,24],[276,172],[60,20],[289,30],[109,39],[77,-2],[141,-61],[59,-43],[96,-144],[100,-90],[42,-16],[43,6],[168,76],[35,1],[84,-56],[19,-52],[-2,-48],[-37,-41],[-143,-96],[-59,-104],[10,-149],[104,-46],[90,-80],[165,-64],[73,-85],[66,-28],[71,0],[43,63],[19,148],[35,33],[71,11],[62,-10],[62,-61],[38,-77],[21,-178],[-4,-98],[14,-29],[55,-32],[78,-19],[75,-2],[83,50],[33,104],[46,67],[115,63],[135,20],[54,-28],[62,-59],[119,-155],[50,-111],[40,-48],[64,-28],[61,5],[129,69],[52,15],[58,-14],[37,-79],[-4,-142],[13,-67],[114,-76],[41,-43],[35,-86],[42,-56],[75,-42],[187,-48],[170,-15],[171,-32],[180,-53],[417,-81],[169,-80],[211,-170]],[[27349,51807],[93,35],[79,62],[51,2],[70,-55],[-43,-35],[-24,4],[-37,-32],[-48,-82],[-47,-3],[-40,-23],[-63,25],[-8,49],[17,33],[-20,19],[20,1]],[[26745,48771],[-21,-15],[-1,-19],[47,-49],[-57,-31],[-87,-6],[-14,47],[11,16],[115,72],[30,10],[15,-16],[-38,-9]],[[42400,39420],[-102,17],[-3,25],[-32,15],[-32,-6],[-34,-32],[-80,16],[-40,-7],[-35,33],[-66,23],[-59,63],[-48,-20],[-68,28],[-60,-22],[4,-45],[-15,-16],[-50,-10],[-33,-44],[-33,-1],[-11,-57],[-78,-5],[-11,-17],[-48,-21],[-24,-1],[-49,23],[-30,-23],[-49,-5],[-60,36],[-63,-39],[-35,30],[-53,-6],[-35,38],[-27,10],[-58,-15],[-7,-28],[-17,-12],[-60,13],[-32,-21],[-18,14],[-47,-9],[-41,22],[-40,-7],[-13,23],[-38,-1],[-61,40],[-35,73],[-53,-9],[-3,28],[-63,29],[-10,20],[-83,-4],[-43,23],[-91,2],[-60,40],[-22,-25],[-18,2],[-9,27],[-51,12],[-30,26],[-19,-3],[-28,-32],[-52,0],[-11,-10],[46,-53],[-14,-35],[-89,21],[-15,25],[-20,6],[14,26],[-13,16],[-25,6],[-19,32],[-55,23],[-22,29],[-34,2],[-23,19],[10,34],[-30,18],[20,7],[1,21],[-15,-14],[-18,24],[-42,11],[-15,56],[17,15],[11,45],[-49,26],[-36,-2],[-25,12],[-26,-30],[-99,22],[-63,-57],[-34,-3],[-35,-28],[-620,-225],[-20,54],[17,42],[46,27],[22,48],[-24,75],[18,19],[-11,19],[28,22],[-35,57],[40,77],[-42,111],[-24,15],[1,28],[18,29],[-12,22],[29,53],[24,89],[24,16],[-17,129],[-23,15],[-20,67],[22,47],[-13,48],[38,39],[-6,32],[37,59],[0,26],[22,7],[20,131],[33,5],[25,22],[9,58],[38,42],[56,16],[32,27],[24,123],[42,49],[15,69],[-9,26],[15,37],[-11,47],[16,55],[-1,63],[-34,44],[-8,40],[16,7],[-3,21],[16,24],[-51,0],[-58,56],[-51,-33],[-57,-2],[-26,-25],[-43,13],[-53,-7],[-38,13],[-18,-20],[-31,5],[-32,-24],[-56,1],[-111,-34],[-33,14],[-38,-11],[-41,9],[-45,14],[-38,48],[-71,22],[-41,50],[-62,30],[-13,35],[-52,-5],[-29,20],[-31,-2],[-55,92],[-106,42],[-33,33],[-26,11],[-34,-3],[-20,17],[-52,13],[-22,30],[-64,5],[-54,24],[-59,-17],[-68,11],[-40,53],[-35,85],[5,93],[-14,43],[-145,30],[-53,-3],[-9,10],[13,65],[33,18],[-15,43],[30,33],[6,46],[19,31],[23,12],[30,47],[103,37],[94,82],[-140,10],[-3,11],[-3,36],[21,17],[5,27],[27,18],[26,0],[39,56],[-3,63],[-49,2],[-9,23],[13,4],[-31,24],[-31,3],[-3,-12],[-18,4],[-4,-13],[-37,38],[-16,-9],[-2,40],[-12,-12],[-8,16],[-56,22],[-7,33],[-16,12],[10,16],[-33,-6],[-19,17],[-36,1],[-2,13],[-20,4],[6,17],[-23,10],[0,15],[-28,1],[-17,21],[-18,-17],[-17,0],[-8,14],[-7,-9],[-18,4],[-14,-30],[-29,4],[-57,-59],[-18,1],[-26,-26],[-43,-7],[-24,-21],[-20,6],[-1,-11],[-54,33],[-45,5],[-67,36],[-29,-29],[-12,15],[-41,-6],[-12,14],[-33,-46],[-15,3],[-35,-21],[-47,18],[-82,-27],[-9,-22],[-15,8],[-15,-10],[-15,11],[-13,-9],[4,-20],[-25,-9],[-40,-58],[-22,-3],[8,-31],[-19,-2],[-42,-67],[-66,-25],[-5,13],[-60,-6],[-9,-15],[-43,-1],[-27,-15],[-19,13],[-19,-14],[-41,7],[-71,-11],[-29,10],[-46,-11],[-55,31],[-181,50],[-120,14],[-45,-15],[-94,20],[-58,29],[-80,-1],[-164,64],[-60,-4],[-30,16],[-11,60],[-39,16],[-32,-2],[-38,23],[-70,143],[-128,62],[-45,-10],[-80,61],[-4,23],[-18,-4],[-12,14],[-39,7],[-11,32],[-29,-6],[-19,23],[-42,10],[-27,23],[-73,-4],[-101,73],[-47,-2],[-13,-11],[-5,11],[-50,6],[1,34],[-49,35],[-22,-14],[-50,20],[-57,-15],[-27,5],[-35,24],[-5,20],[-60,28],[-9,35],[-45,17],[-17,55],[9,26],[-14,63],[-43,35],[-68,15],[-17,17],[-132,1],[-64,-40],[-26,-42],[-71,-18],[-52,7],[-68,51],[-44,19],[-18,-4],[-5,16],[-23,0],[-15,20],[-22,-9],[-22,15],[-24,-6],[-84,73],[-20,-9],[-6,18],[-21,2],[17,15],[-30,11],[8,32],[36,19],[16,-3],[25,42],[-25,59],[18,22],[-24,22],[-5,26],[-16,1],[14,14],[3,63],[-69,61],[5,42],[-20,4],[-19,43],[-15,-1],[-22,27],[-25,-4],[-55,39],[-21,-4],[-14,19],[-47,6],[-6,15],[-18,-4],[-40,19],[-4,23],[-26,13],[14,13],[-17,13],[19,11],[-28,21],[-5,18],[-12,-7],[-19,16],[-16,-11],[-11,10],[-12,-12],[-8,10],[-15,-6],[-29,28],[1,43],[-41,8],[-1,26],[-23,-1],[-21,18],[-19,-7],[-19,16],[-1,18],[-37,9],[-44,52],[-55,25],[-3,19],[48,34],[-29,54],[19,13],[5,22],[32,23],[25,-2],[83,65],[62,-16],[16,-23],[15,15],[-1,29],[20,11],[-9,28],[-21,14],[-25,-20],[-3,28],[28,22],[20,58],[-22,18],[-13,-32],[-34,-6],[-27,23],[-27,-2],[-31,49],[47,19],[-18,35],[-88,23],[-26,-48],[-47,23],[21,31],[-10,21],[13,22],[-30,1],[3,29],[-18,-5],[-16,24],[-21,6],[10,27],[-32,35],[1,45],[-20,57],[-15,0],[-2,21],[-33,6],[4,10],[17,-2],[-16,58],[29,14],[-30,13],[24,12],[-10,18],[17,18],[0,43],[-16,18],[-39,-13],[-34,14],[10,24],[-16,31],[-27,8],[-31,31],[7,66],[-28,-6],[-44,38],[-38,-31],[0,32],[-21,7],[-26,-54],[5,-33],[-25,-17],[-72,-12],[1,-30],[-29,2],[-1,25],[-36,13],[-86,-27],[-22,15],[-2,-39],[-27,-25],[-29,25],[-19,-26],[-26,14],[-58,-14],[-60,-40],[10,-27],[-27,-32],[1,-29],[-38,-1],[-76,-57],[-65,-1],[-3,35],[-47,30],[-93,-2],[-25,-34],[-38,-16],[-7,-15],[74,-29],[17,-81],[-27,-10],[-68,3],[-57,27],[-13,21],[-1,54],[-44,69],[34,10],[-5,19],[27,49],[-6,34],[38,-16],[20,9],[-11,39],[21,25],[-30,22],[-9,51],[-24,24],[-48,9],[-6,28],[-13,-1],[-18,-26],[-12,-62],[-22,-10],[-51,8],[-41,-63],[-17,14],[-54,-11],[-9,41],[-45,-7],[-16,25],[6,46],[-41,11],[-40,31],[-100,-71],[-46,56],[20,36],[-26,15],[-53,-21],[-34,17],[-34,-66],[-67,-20],[-12,20],[39,45],[13,64],[-37,16],[9,73],[-12,8],[-41,-9],[-15,25],[5,44],[-67,-2],[-22,30],[-51,15],[-24,24],[-72,-16],[0,25],[52,55],[-26,68],[-59,-4],[4,36],[-11,12],[-41,12],[-445,-7],[-23,25],[-27,-4],[4,-38],[-54,-13],[-36,20],[-56,46],[-17,62],[-59,6],[30,30],[-50,25],[-39,-31],[15,29],[-35,13],[-57,63],[-1,53],[23,47],[-65,29],[-10,56],[-27,32],[7,11],[-25,12],[13,12],[-15,2],[-12,28],[6,19],[-21,-4],[1,60],[-32,18],[-44,-9],[-9,-16],[-22,20],[-21,51],[-24,1],[-4,22],[-51,34],[-46,11],[-4,-24],[-38,-13],[-3,40],[-23,16],[-21,-6],[-9,35],[-17,-18],[-5,68],[-14,11],[8,23],[-23,7],[-32,74],[-68,30],[-31,56],[-42,3],[-28,-13],[-4,19],[-28,-16],[-75,70],[-21,7],[-17,-9],[-27,22],[-46,96],[-46,36],[-28,12],[-48,-2],[-13,-4],[-11,-31],[-47,-3],[-49,13],[-8,21],[17,90],[-29,38],[-3,35],[34,19],[48,-4],[14,-8],[-33,-37],[4,-23],[37,13],[38,-12],[35,8],[6,-20],[3,23],[-24,18],[-19,-23],[-46,14],[-26,-13],[33,59],[-50,17],[-44,-6],[-2,40],[-37,7],[-23,-20],[8,-20],[34,-18],[-24,-51],[-56,-11],[-19,10],[2,28],[-51,128],[27,1],[12,34],[-1,-34],[9,2],[-1,30],[-32,70],[38,-2],[57,59],[16,-16],[2,24],[-44,0],[-9,-24],[-59,57],[-36,6],[-55,-66],[-32,24],[2,68],[-18,22],[-34,4],[-3,13],[-41,-9],[-16,27],[50,28],[52,-27],[31,3],[-25,1],[-33,25],[-2,24],[99,116],[27,-10],[-7,21],[11,24],[-92,-38],[-87,-68],[-155,43],[-48,1],[-58,-16],[-37,10],[-126,120],[-65,108],[-19,108],[9,47],[34,21],[42,-16],[22,9],[-25,22],[16,46],[-23,-16],[-22,20],[3,35],[-57,43],[-7,43],[9,20],[17,5],[11,52],[-98,-9],[-70,-46],[-26,-40],[-42,-1],[-40,-21],[-24,4],[-84,147],[-2,25],[-20,1],[-68,72],[-62,5],[-28,-28],[29,-26],[63,-14],[15,-16],[-24,-14],[-58,21],[-116,139],[-184,146],[-69,29],[-75,-1],[-33,23],[-60,4],[-32,18],[-33,47],[-90,217],[14,31],[118,5],[-2,36],[19,29],[-129,-36],[-1,30],[-42,52],[56,70],[116,73],[137,56],[46,10],[10,-10],[72,58],[44,6],[18,28],[-14,59],[11,20],[106,178],[25,-11],[23,20],[-22,-4],[10,45],[97,133],[80,33],[18,58],[242,170],[176,210],[132,59],[105,93],[82,59],[45,13],[7,-28],[-51,-5],[-42,-32],[94,33],[70,-4],[80,-31],[24,-30],[21,1],[-4,17],[-46,31],[6,35],[118,30],[6,-12],[17,2],[-1,-30],[-19,-17],[-27,8],[-9,-13],[39,-13],[-11,-17],[50,-33],[50,9],[0,-27],[24,-21],[21,-2],[49,7],[3,13],[-31,18],[6,7],[31,-9],[49,17],[95,65],[6,18],[-19,32],[-19,1],[1,-18],[-19,10],[-1,-41],[-54,17],[69,45],[63,18],[-1,-23],[23,-20],[-15,-35],[-21,10],[-13,-77],[26,-7],[48,-76],[40,26],[61,-12],[10,-82],[11,56],[15,22],[15,-1],[17,-31],[6,-77],[48,-64],[56,-140],[-41,10],[-48,50],[17,-32],[65,-48],[4,-57],[-41,-42],[-166,-21],[-3,-30],[69,24],[38,-3],[75,-28],[21,-43],[9,0],[-8,21],[19,26],[53,49],[30,1],[-30,16],[19,140],[-26,211],[27,21],[38,-27],[55,-106],[23,-19],[40,-9],[-4,-20],[-28,10],[28,-29],[44,29],[6,37],[-12,57],[18,12],[17,-14],[20,-83],[81,-100],[11,-32],[-5,-21],[-45,-28],[-19,-33],[10,-4],[62,11],[33,45],[3,34],[-103,139],[-6,51],[53,21],[-9,8],[10,18],[35,20],[46,-23],[111,-16],[24,-22],[18,-46],[18,-11],[-11,56],[16,17],[-16,12],[25,57],[19,5],[80,-23],[157,8],[164,32],[30,-2],[37,-21],[30,-42],[-44,13],[-58,-15],[-41,4],[18,-26],[27,-11],[13,-60],[52,-60],[-23,-207],[17,0],[44,185],[61,39],[133,-89],[55,-83],[-13,-33],[-107,-59],[94,23],[59,41],[45,59],[58,19],[-1,17],[-53,-2],[-19,24],[9,275],[41,23],[62,-4],[10,23],[73,44],[21,-3],[45,-40],[25,0],[-58,56],[-66,-1],[-24,13],[-19,109],[22,37],[-20,29],[7,38],[56,77],[34,125],[37,26],[-92,-10],[9,67],[-14,11],[-16,60],[5,112],[-11,23],[-18,7],[-17,34],[3,36],[-20,22],[-188,12],[-57,-34],[-41,0],[-52,-44],[-24,-2],[-3,13],[-40,-5],[-24,95],[14,84],[-16,38],[16,58],[-24,23],[0,49],[-17,55],[10,26],[-14,29],[23,0],[19,28],[45,5],[0,31],[14,13],[-7,24],[22,3],[18,-12],[29,45],[-41,29],[29,46],[-12,30],[-27,28],[-34,1],[-20,14],[-17,52],[9,17],[-30,2],[-15,18],[9,27],[-90,34],[-85,8],[-37,23],[-41,81],[-11,-30],[-16,-6],[-46,47],[28,-61],[-6,-40],[-32,-41],[-80,-61],[-11,-25],[9,-50],[-27,-26],[-72,31],[-29,-13],[9,-26],[-67,-28],[-27,5],[2,19],[-18,5],[10,14],[-30,24],[22,54],[71,33],[-34,50],[6,134],[13,29],[-21,21],[-39,242],[24,22],[-11,-31],[14,-14],[106,5],[100,40],[-36,15],[-132,-11],[-45,33],[-30,44],[-17,-17],[-38,27],[-59,236],[3,61],[-32,5],[-5,44],[13,62],[113,19],[54,-71],[32,-8],[22,-43],[28,-23],[21,10],[-11,38],[-75,126],[-8,91],[-15,-16],[-108,39],[-107,-90],[-17,5],[-51,-20],[-18,9],[-69,324],[14,70],[22,13],[-3,21],[-10,33],[-22,14],[-8,-8],[2,35],[51,163],[74,16],[51,51],[0,51],[-16,33],[36,78],[-17,44],[58,79],[46,110],[10,3],[9,-26],[31,-22],[90,-17],[4,12],[-46,37],[-3,21],[47,25],[-11,31],[58,-23],[50,14],[-1,18],[-43,19],[-35,80],[-33,42],[8,35],[79,52],[182,315],[48,0],[152,260],[-2,151],[-44,55],[12,7],[9,52],[68,66],[70,38],[19,29],[0,32],[278,421],[20,4],[10,-13],[-22,-17],[0,-21],[47,-55],[66,50],[21,51],[-6,123],[31,148],[69,106],[64,48],[91,26],[21,18],[2,-27],[15,-7],[97,18],[-16,-78],[11,-30],[27,19],[24,31],[21,63],[36,4],[0,40],[-41,8],[-15,60],[3,48],[39,63],[131,149],[101,79],[49,19],[42,-12],[33,29],[-1,58],[36,82],[89,23],[15,23],[-26,39],[35,86],[156,40],[93,57],[85,-11],[2,-30],[150,27],[113,178],[78,81],[248,124],[141,53],[29,-24],[-12,-100],[-16,-35],[-96,-57],[0,-17],[24,-1],[-14,-20],[20,-18],[18,8],[18,-20],[16,-52],[37,-46],[37,-82],[-17,-47],[16,-43],[25,-19],[112,0],[132,92],[97,48],[-7,82],[-131,187],[-30,84],[-4,61],[14,57],[58,-18],[191,-19],[173,61],[113,25],[30,-9],[5,-39],[-18,-160],[29,-50],[15,-7],[9,-37],[29,-3],[1,24],[38,-15],[35,-43],[10,-67],[57,-43],[137,-62],[70,-73],[23,-1],[70,-118],[65,30],[-65,218],[-54,63],[-11,32],[4,65],[43,57],[-13,54],[-78,38],[-107,149],[12,32],[113,1],[203,51],[83,-3],[38,22],[31,43],[59,7],[59,-11],[24,-27],[4,-62],[56,-73],[-6,-28],[-63,-47],[10,-12],[-38,-46],[54,-30],[159,-23],[23,-23],[-28,-82],[12,-50],[80,8],[39,62],[17,-9],[-18,17],[4,25],[25,27],[3,60],[22,11],[62,3],[73,-59],[71,-36],[46,-127],[-44,-22],[12,-14],[36,0],[42,-62],[112,-101],[12,-24],[-49,-76],[-60,-47],[-20,-33],[10,-66],[25,-43],[35,-11],[30,-31],[92,-31],[42,44],[139,55],[45,98],[-45,19],[-42,47],[-58,39],[-64,23],[-27,29],[-49,181],[165,217],[59,57],[45,-37],[82,-14],[9,-20],[38,1],[-9,54],[8,24],[31,14],[41,-14],[62,11],[9,13],[56,-3],[18,14],[-13,20],[20,16],[28,-21],[50,13],[35,32],[52,-6],[26,-67],[42,-16],[1,-21],[-35,-33],[-32,0],[-39,-29],[24,-23],[85,17],[150,-121],[127,-67],[11,30],[-14,7],[-18,79],[9,35],[27,20],[31,4]],[[34928,58836],[32,-162],[65,-121],[17,-114],[8,-427],[-32,-152],[-53,-66],[-16,-68],[4,-243],[19,-111],[52,-124],[-15,-138],[14,-62],[-11,-124],[38,-94],[131,-104],[11,-92],[35,-65],[12,-83],[33,-54],[66,-56],[-3,-37],[29,-118],[-4,-49],[-23,-33],[-1,-48],[39,-55],[7,-73],[37,-27],[10,-59],[65,-93],[5,-54],[28,-57],[17,-20],[106,-47],[12,-19],[-25,-155],[30,-93],[-52,-146],[-2,-78],[41,-122],[93,-111],[73,-18],[85,18],[129,-38],[57,-31],[25,-54],[118,-71],[45,-62],[271,-64],[65,-50],[43,-12],[78,14],[82,53],[158,65],[57,39],[117,9],[59,29],[135,-1],[120,74],[54,17],[385,-33],[96,77],[52,11],[56,35],[66,14],[51,55],[37,65],[44,25],[33,42],[117,-53],[41,8],[87,-13],[76,36],[128,-23],[59,-34],[118,17],[29,57],[0,73],[-27,48],[80,115],[3,57],[59,44],[-8,81],[11,47],[-16,53],[-11,12],[-35,0],[-13,21],[10,63],[22,14],[77,-3],[80,96],[144,-6],[44,-24],[62,-7],[70,-29],[65,-45],[78,-17],[66,-64],[148,-67],[42,6],[58,65],[146,-16],[63,-46],[35,-89],[51,-41],[21,-43],[95,-60],[25,-50],[40,-14],[-3,-40],[38,-58],[21,-89],[56,6],[23,-42],[-5,-15],[-36,-14],[-22,-62],[-31,-30],[40,-145],[55,-88],[25,-76],[-22,-2],[-33,-32],[18,-40],[-24,-71],[37,-38],[-1,-151],[-25,-73],[-48,-47],[0,-44],[-23,-46],[-16,-87],[-59,-56],[-61,-37],[-14,-18],[-3,-42],[38,-39],[215,-105],[43,-81],[201,-60],[63,-120],[53,-17],[25,-43],[48,-40],[121,-23],[185,-16],[53,-21],[100,-143],[28,-121],[35,-60],[-37,-84],[-96,-53],[12,-130],[-19,-10],[-30,23],[-35,1],[-25,-13],[-24,-36],[-85,-6],[-44,-28],[-3,-40],[28,-50],[-16,-36],[11,-84],[-29,-29],[-9,-30],[-40,-23],[-4,-36],[-33,-36],[-210,-64],[-14,-14],[-7,-46],[14,-35],[-20,-12],[-21,9],[-40,-6],[-5,-12],[20,-11],[-1,-12],[-72,-124],[-2,-107],[-55,-25],[-43,-92],[-33,-6],[5,-31],[37,-6],[12,-25],[-41,-87],[28,-1],[82,-134],[11,-44],[-44,-66],[-7,-31],[19,-9],[-20,-79],[-40,-29],[-40,-130],[-29,-10],[11,-13],[-50,-74],[-47,-117],[-30,-33],[-10,-42],[-51,-80],[88,-31],[66,-14],[10,10],[50,-28],[54,-9],[5,-13],[18,9],[15,-30],[24,-2],[-14,19],[9,20],[25,-35],[62,-13],[3,32],[40,13],[-8,-25],[17,-17],[6,8],[1,-46],[40,-17],[12,14],[38,-12],[-1,23],[33,18],[21,-8],[12,31],[56,8],[12,-44],[24,15],[10,-26],[23,-1],[30,-52],[22,-10],[13,20],[35,-25],[5,22],[17,3],[21,-16],[13,31],[39,-10],[16,11],[-3,14],[37,18],[6,22],[21,-1],[9,16],[21,-20],[31,6],[18,33],[22,-11],[43,12],[31,-12],[74,51],[55,10],[26,-26],[48,-9],[49,12],[16,21],[1,-15],[84,-6],[20,39],[25,0],[-2,19],[56,22],[4,14],[27,-27],[-14,-12],[8,-13],[64,-30],[-26,-84],[50,-90],[20,-11],[30,32],[78,4],[20,14],[285,3],[34,32],[138,34],[29,35],[9,37],[69,90],[39,88],[57,25],[66,6],[57,49],[133,61],[60,8],[115,-56],[37,-4],[26,5],[34,35],[46,12],[182,-15],[25,11],[41,74],[62,-3],[76,44],[93,17],[96,-92],[6,-93],[72,-45],[15,-57],[35,-55],[10,-84],[82,-145],[71,7],[43,-61],[175,-137],[79,-32],[43,14],[27,-10],[24,-55],[65,-35],[27,-53],[57,-42],[8,-69],[-53,-83],[-12,-111],[-149,-178],[9,-177],[30,-21],[18,-55],[-50,-62],[-12,-38],[-24,-17],[-44,6],[-70,-11],[-93,27],[-40,-3],[-76,-62],[-101,-49],[-52,-81],[-43,-10],[-119,10],[33,-53],[-19,-96],[37,-85],[-10,-65],[33,-120],[-14,-89],[50,-99],[-49,-169],[-38,-71],[-37,-19],[1,-114],[15,-51],[38,-49],[-10,-70],[19,-85],[43,-54],[-4,-37]],[[28478,56168],[-8,21],[46,145],[37,83],[20,6],[7,-20],[-24,-20],[-22,-62],[1,-61],[-57,-92]],[[33832,58389],[92,-16],[17,-16],[17,-102],[-50,-47],[-87,-35],[-93,32],[-68,65],[-8,36],[126,53],[26,30],[28,0]],[[103002,60090],[-3997,-1540],[11,-37],[125,-226],[22,-18],[11,-60],[49,-21],[29,12],[58,-18],[26,19],[42,0],[84,-60],[75,-17],[59,20],[149,88],[46,10],[33,-6],[85,-57],[74,-89],[27,-66],[39,-51],[-23,-10],[3,-22],[9,6],[-4,-26],[22,-13],[9,10],[5,-11],[48,3],[13,-10],[6,20],[15,3],[17,-37],[63,-2],[15,-41],[67,28],[37,-35],[8,6],[11,-25],[21,-3],[74,81],[0,14],[32,19],[13,-6],[1,17],[15,-8],[39,30],[12,-8],[28,31],[3,-13],[3,8],[97,-10],[28,-12],[1,-24],[-10,-2],[50,-4],[3,-22],[31,-14],[-1,-51],[16,-41],[9,4],[-5,-25],[17,-12],[-36,-30],[12,-34],[-7,-45],[19,-9],[0,-13],[17,5],[17,-12],[34,-47],[18,5],[11,-77],[38,2],[20,-46],[30,-19],[15,24],[21,-3],[4,-22],[21,-4],[10,-20],[34,-11],[17,-21],[32,12],[21,-32],[-7,-9],[13,3],[32,-39],[5,-33],[-15,-40],[12,-13],[40,-11],[10,-30],[37,-39],[24,-10],[6,16],[14,-16],[26,7],[12,-23],[21,8],[-9,-42],[20,-6],[11,-29],[-11,-21],[-36,-9],[26,-49],[-9,-30],[-10,2],[46,-42],[-10,-8],[17,-25],[44,-7],[-5,-31],[23,-4],[-2,-13],[10,8],[11,-37],[-11,-21],[18,2],[15,-22],[-14,-27],[22,4],[5,-28],[26,-12],[-14,-26],[8,-14],[49,4],[-26,-29],[27,-11],[-2,-15],[13,5],[-10,-26],[17,-31],[34,-20],[-1,-29],[25,-27],[-1,-30],[19,-5],[-2,11],[9,-10],[5,14],[8,-34],[16,-1],[4,-29],[-13,-15],[28,-18],[-5,-10],[40,-15],[-21,1],[0,-27],[-13,14],[-1,-14],[19,-24],[-11,-4],[10,-11],[-9,-14],[23,-22],[-10,-5],[31,-11],[-15,-33],[11,-7],[10,16],[-8,-37],[20,-11],[-9,-13],[-15,11],[-9,-28],[17,0],[2,15],[9,-11],[-8,-36],[15,0],[-10,-15],[14,-4],[0,-21],[56,-40],[50,-15],[8,7],[-5,-15],[23,-5],[6,9],[7,-18],[23,-5],[-7,-15],[37,-18],[2,-18],[28,2],[88,-37],[58,16],[13,-22],[-11,-19],[21,-3],[0,-12],[14,18],[37,-20],[9,22],[16,-19],[29,18],[8,13],[-10,8],[16,9],[3,-19],[33,4],[-2,-20],[68,22],[6,-21],[19,2],[20,-34],[3,15],[19,6],[39,-16],[3,-14],[6,14],[20,-17],[5,8],[-1,-18],[22,-10],[16,-32],[115,-98],[45,-1],[63,22],[14,35],[-13,67],[29,14],[43,-14],[24,-32],[-40,-46],[27,-54],[94,-74],[90,-21],[11,-29],[-39,-25],[-51,7],[-48,60],[-43,17],[-27,-2],[-23,-27],[7,-44],[-13,-53],[161,-97],[118,8],[71,65],[28,12],[30,-14],[47,-73],[16,9],[15,46],[64,31],[-26,28],[-69,20],[10,27],[50,43],[188,20],[36,14],[57,49],[62,14],[39,-27],[-24,-59],[5,-24],[28,-10],[70,5],[42,28],[-2,66],[43,14],[39,-21],[2,-71],[56,-46],[20,-38],[31,-19],[64,1],[31,-57],[60,-26],[40,-9],[37,11],[94,100],[48,4],[7,-125],[59,-54],[90,-31],[70,-81],[14,-46],[33,-2],[47,23],[29,45],[72,49],[30,57],[-1,30],[-37,77],[-39,27],[-49,12],[-16,18],[6,30],[20,14],[91,-2],[164,-124],[38,-6],[29,22],[24,65],[70,6],[3,58],[60,63],[54,26],[36,-1],[58,-24],[18,-22],[1,-25],[-21,-27],[-69,-6],[-40,-24],[-8,-34],[26,-27],[142,-29],[43,62],[18,2],[96,-115],[43,-3],[33,67],[15,4],[28,-27],[20,-69],[47,-8],[72,30],[25,24],[10,35],[-18,46],[-82,28],[1,20],[20,12],[72,-24],[27,-26],[32,-67],[24,-12],[32,3],[66,43],[48,-35],[16,10],[3,37],[-45,152],[16,26],[36,-4],[24,-27],[45,-105],[34,-5],[25,23],[38,82],[-3,26],[-29,14],[-87,2],[-23,20],[14,58],[45,25],[48,-7],[170,-115],[36,2],[100,41],[49,-55],[77,31],[84,-22],[92,89],[20,40],[13,109],[15,26],[52,17],[80,-25],[57,14],[25,-6],[15,-21],[-3,-28],[-80,-48],[1,-32],[38,-22],[61,-11],[39,-60],[25,-14],[22,6],[39,53],[25,-3],[-10,-81],[-33,-45],[15,-13],[43,11],[22,-7],[-14,-22],[15,-24],[-32,-12],[-8,-17],[18,-102],[37,-34],[70,-9],[166,-60],[6,-32],[-14,-57],[13,-67],[-18,-17],[-36,32],[-49,-5],[26,-27],[-47,-28],[18,-20],[-3,-21],[-48,-24],[-19,-47],[2,-23],[16,-9],[38,29],[15,-26],[-5,-26],[-69,1],[-30,-31],[-24,-6],[-25,18],[13,13],[28,-1],[-3,27],[-39,-10],[-45,29],[-34,-32],[-40,-1],[6,-22],[42,14],[12,-6],[-29,-40],[4,-25],[49,11],[-58,-136],[-20,1],[-9,29],[-18,10],[-31,-6],[-13,-24],[-26,26],[-82,-2],[-9,-22],[30,-13],[4,-16],[-35,-33],[-19,-55],[-113,-41],[-22,-21],[-57,3],[-37,-38],[-3,-34],[-42,-2],[-25,-26],[-31,1],[-23,25],[-29,-2],[-11,-16],[12,-24],[26,-15],[32,1],[9,-18],[-62,-6],[-28,-34],[-20,24],[-34,0],[-14,-11],[2,-31],[-88,-34],[-2,-21],[43,-5],[23,-20],[-3,-16],[-26,-16],[1,-19],[49,-9],[51,-38],[-82,-63],[1,-30],[37,-20],[-15,-15]],[[89002,41921],[-170,-87],[-123,20],[-136,-9],[-57,9],[-3,49],[109,18],[43,47],[27,91],[-29,98],[-105,99],[-46,-5],[-61,-44],[-62,8],[-84,36],[-118,148],[-2,28],[26,74],[-71,54],[-51,-11],[-34,-122],[-46,-45],[-47,8],[-110,103],[-57,34],[-25,-18],[-2,-19],[55,-72],[7,-27],[-26,-42],[-45,-16],[-30,11],[-74,76],[-91,37],[-31,-22],[-44,-151],[-41,-43],[-50,-9],[-113,45],[-98,107],[10,65],[53,80],[19,109],[-41,86],[-146,133],[-55,127],[-71,43],[-86,18],[-52,-6],[-5,-22],[21,-51],[68,-69],[9,-26],[-5,-83],[-27,-17],[-50,5],[-195,132],[-69,126],[-98,131],[6,32],[39,26],[138,0],[34,28],[-16,34],[-104,115],[-20,45],[32,83],[72,32],[28,41],[-5,86],[-16,38],[-45,47],[-41,13],[-40,-10],[-62,-46],[-51,0],[-42,16],[-23,-10],[-27,-45],[0,-28],[69,-90],[10,-58],[-10,-40],[-27,-33],[-67,-20],[-25,91],[-91,102],[-21,47],[6,24],[69,34],[28,31],[-110,148],[-33,71],[55,104],[23,86],[-114,79],[-59,-25],[-59,-60],[-96,-70],[-118,4],[-46,21],[22,66],[69,101],[54,147],[0,35],[-91,4],[-98,29],[-30,22],[-49,112],[-44,46],[5,17],[76,58],[19,51],[-2,37],[-117,64],[-106,104],[-14,100],[-33,57],[-42,56],[-69,57],[-24,42],[-55,20],[-23,24],[-24,36],[-13,87],[-110,27],[-25,-31],[-77,1],[-50,-61],[-37,-5],[-77,17],[-31,-12],[-44,-42],[-52,3],[-23,60],[-49,45],[-54,20],[-93,6],[-201,89],[-162,171],[-68,5],[-32,15],[-28,69],[-29,25],[-113,49],[-151,27],[-40,27],[-110,120],[4,59],[-68,65],[-17,87],[-29,44],[-36,-3],[-7,-10],[20,-79],[-51,-151],[-34,-20],[-38,19],[-18,65],[-29,18],[-222,9],[2,98],[-42,53],[-182,52],[-74,-16],[-26,-51],[11,-112],[-29,-54],[72,-91],[-11,-15],[-99,44],[-40,-22],[-32,-30],[28,-41],[-5,-41],[-43,-53],[-51,-24],[-136,32],[-120,136],[-3,69],[17,85],[69,92],[-20,45],[-32,1],[-84,-60],[-54,21],[-67,-15],[-60,58],[-137,-34],[-23,-21],[37,-44],[10,-38],[-16,-31],[-54,-44],[-27,-59],[-56,47],[-38,3],[-80,35],[-73,4],[31,-81],[6,-38],[-13,-36],[-38,-4],[-102,29],[-27,-6],[-18,-28],[-3,-39],[17,-115],[15,-27],[145,-90],[19,-29],[-5,-26],[-21,-17],[-34,-1],[-66,43],[-27,-4],[-27,-29],[-113,-23],[-8,-27],[111,-91],[8,-28],[-12,-41],[-24,-12],[-49,12],[-46,-18],[-1,-22],[20,-24],[75,23],[80,-7],[34,-18],[10,-25],[-3,-122],[25,-64],[-9,-27],[-104,60],[-35,8],[-23,-10],[-16,-27],[4,-32],[68,12],[25,-7],[9,-28],[-57,-30],[2,-23],[35,-41],[2,-30],[-78,-34],[-39,12],[-35,-9],[-83,-81],[-31,28],[-26,6],[-57,-61],[-31,-9],[-47,23],[0,26],[-63,-22],[-48,29],[-40,-11],[-7,-34],[23,-83],[-57,-129],[-25,-14],[-12,-29],[-33,-9],[-54,36],[-32,-13],[-14,-98],[-52,-79],[-31,10],[-97,-53],[-35,-7],[-31,4],[-32,37],[-23,-15],[11,-39],[-7,-25],[-67,-12],[66,-150],[-4,-29],[-62,-41],[-5,28],[24,41],[-105,2],[-11,-27],[36,-18],[-67,-132],[-25,-5],[-69,27],[-62,51],[-76,-67],[-37,-73],[-25,47],[-69,-28],[-5,35],[-48,-7],[-40,-35],[-67,-15],[-81,-75],[-42,-4],[-27,37],[1,31],[20,24],[-45,6],[-15,30],[-42,-3],[-31,30],[-68,-9],[-49,38],[-28,54],[-25,-2],[-16,-17],[-46,11],[-32,-7],[-71,-48],[-56,11],[-15,25],[7,32],[-25,5],[-25,-18],[-28,59],[-45,45],[45,8],[-2,34],[-17,30],[-25,12],[-113,-11],[1,67],[-16,27],[-28,21],[-47,-15],[-34,21],[1,35],[-30,5],[2,61],[-30,13],[-42,-16],[-2,23],[128,97],[4,109],[-20,22],[-88,38],[-123,-11],[-69,41],[-65,-51],[-29,3],[-24,28],[-186,82],[-54,58],[-4,31],[42,66],[-37,79],[-47,14],[-25,40],[-80,-6],[-131,20],[-29,18],[-28,116],[-135,40],[-23,13],[-31,48],[-195,73],[-28,54],[-37,17],[-17,23],[-8,43],[-43,5],[-16,27],[21,24],[33,9],[2,28],[-58,45],[-35,48],[-80,-3],[-66,55],[-91,27],[-27,18],[-17,66],[-18,21],[-119,36],[-23,19],[-2,34],[-32,23],[21,54],[-8,64],[-17,20],[-72,-8],[-33,9],[-29,30],[-58,138],[7,52],[68,30],[7,39],[-56,37],[-17,39],[-49,51],[7,35],[57,38],[19,35],[3,64],[-82,97],[-90,68],[7,25],[46,42],[10,29],[-1,157],[-189,85],[-89,81],[-31,50],[-13,107],[-59,96],[-51,167],[-34,61],[-69,67],[-144,91],[-278,102],[-103,60],[-44,114],[-27,202],[-64,124],[-63,75],[-79,3],[-67,51],[-67,142],[-119,92],[-109,106],[-68,162],[-89,90],[-123,94],[-31,106],[-126,128],[-27,69],[-5,74],[22,183]],[[128660,70886],[57,-67],[32,-118],[17,-128],[6,-290],[24,-125],[35,-85],[9,-135],[26,-55],[32,-32],[13,-72],[23,-47],[47,-25],[93,-97],[24,-55],[13,-82],[148,-256],[1,-339],[66,-134],[23,-100],[68,-25],[5,-25],[129,-193],[21,-28],[31,-15],[114,-7],[351,50],[106,-15],[66,26],[115,130],[52,14],[28,0],[136,-67],[134,-212],[12,-54],[-6,-108],[22,-46],[7,-56],[33,-61],[73,-81],[49,-90],[22,-15],[84,-3],[47,-30],[12,-23],[-6,-69],[-43,-82],[2,-32],[112,-123],[16,-73],[-50,-142],[-39,-35],[44,-225],[99,-63],[18,-24],[5,-110],[171,-200],[41,-185],[2,-136],[54,-183],[64,-72],[124,-11],[103,-29],[120,-79],[118,-33],[43,-24],[59,-120],[34,-123],[79,-110],[68,-131],[5,-111],[15,-31],[-28,-48],[-103,-72],[-10,-20],[11,-42],[-76,-127],[-29,-87],[-142,-129],[-13,-34],[-30,-28],[-124,-41],[-47,-30],[-58,-73],[4,-92],[-29,-144],[1,-36],[32,-79],[-19,-52],[-201,25],[-277,0],[-749,-632],[-3190,-2640],[2,-658],[65,-9],[39,28],[100,-2],[43,24],[23,27],[-10,37],[28,25],[0,50],[56,99],[39,44],[64,35],[41,8],[153,-44],[107,-3],[173,44],[121,49],[97,2],[35,-18],[12,-38],[-8,-25],[-17,-11],[-6,-35],[24,-51],[458,-126],[140,-14],[134,-41],[54,11],[64,79],[45,27],[152,37],[64,-20],[19,-12],[18,-51],[77,-57],[145,-157],[25,-64],[-23,-116],[15,-121],[178,-142],[16,-37],[-25,-156],[6,-69],[-28,-71],[-14,-106],[6,-71],[54,-94],[37,-27],[59,6],[43,63],[84,56],[145,43],[143,-55],[94,-4],[66,-28],[77,-71],[67,-147],[36,-116],[26,-40],[25,-9],[75,18],[64,-16],[97,-85],[80,-104],[72,-46],[8,-43],[15,-12],[48,-17],[40,-31],[170,-49],[51,-89],[-4,-63],[26,-91],[94,-44],[45,-79],[31,-13],[125,3],[86,-60],[39,-50],[29,-64],[-13,-74],[19,-42],[66,-94],[61,-36],[49,-50],[17,-99],[98,-56],[16,-66],[36,-59],[86,-32],[58,-53],[44,-20],[77,7],[70,-12],[35,-26],[37,-55],[122,-94],[162,-86],[62,-70],[19,-87],[89,-118],[140,-139],[17,-84],[-42,-45],[-57,-107],[-154,-112],[-34,-59],[-9,-78],[34,-49],[6,-62],[-17,-103],[-43,-43],[-13,-80],[113,-176],[5,-81],[34,-77],[38,-40],[41,-80],[28,-136],[27,-67],[143,-228],[86,-90],[39,-65],[71,-55],[57,-7],[145,84],[47,16],[45,-2],[57,-21],[69,-131],[13,-61],[-15,-107],[97,-264],[5,-150],[-83,-130],[-18,-56],[-59,-69],[-13,-136],[-46,-81],[-18,-165],[89,-23],[66,-87],[23,-49],[113,-63],[37,-63],[201,-197],[43,-106],[19,-129],[107,-286],[105,-122],[-20,-312],[42,-194],[34,-59],[74,-68],[62,-109],[14,-153],[87,-103],[51,-111],[56,-135],[36,-202],[21,-36],[130,-131],[108,-215],[-11,-245],[-37,-51],[9,-53],[60,-65],[87,-16],[37,-32],[103,-163],[25,-89],[99,-151],[26,-150],[66,-140],[13,-80],[-9,-69],[-28,-68],[9,-190],[-19,-138],[16,-84],[77,-118],[93,-48],[207,-77],[49,-106],[89,-112],[28,-241],[-32,-173],[-46,-76],[-89,-38],[-29,-26],[-60,-97],[-13,-61],[48,-198],[25,-35],[113,-87],[45,-51],[44,-123],[-2161,-530],[-23,84],[39,167],[-3,43],[-60,119],[-15,61],[-77,125],[27,153],[-5,29],[-103,117],[-170,161],[-54,80],[-37,171],[0,75],[48,131],[70,70],[119,76],[113,44],[102,23],[65,34],[22,41],[3,66],[-78,183],[58,302],[-3,106],[-26,78],[-143,185],[-147,255],[-99,240],[3,91],[71,120],[15,121],[-27,60],[-36,30],[-64,7],[-77,89],[5,55],[102,151],[14,105],[-40,35],[-49,16],[-67,44],[-93,105],[-10,69],[-35,33],[-21,151],[16,364],[92,147],[33,84],[-16,66],[-73,151],[-19,78],[16,112],[33,64],[-11,122],[-49,41],[-70,33],[-296,77],[-73,0],[-195,-67],[-30,21],[-26,51],[-87,47],[-76,12],[-45,52],[-206,135],[-26,64],[-35,40],[-62,59],[-99,49],[-44,46],[-90,217],[-115,66],[13,83],[-44,60],[2,38],[45,72],[-129,3],[-26,20],[-29,129],[-4,122],[-31,18],[19,59],[61,47],[12,38],[-19,45],[23,56],[40,42],[56,28],[44,53],[15,54],[-10,80],[-14,42],[-23,21],[-155,100],[-95,118],[-9,28],[19,56],[-14,84],[57,20],[40,46],[-3,88],[-41,80],[29,113],[-14,27],[-157,99],[-17,24],[16,87],[-39,46],[-2,30],[53,73],[5,29],[-12,27],[-52,73],[-160,92],[-60,17],[-188,-9],[-175,-64],[-32,-50],[-28,-85],[11,-175],[-25,-86],[-39,-46],[-93,5],[-92,-18],[-157,-10],[-79,-32],[-19,-55],[5,-103],[-56,-113],[-112,-47],[-90,-135],[-19,-55],[-2,-123],[-62,-163],[-47,-77],[-110,-118],[-47,-20],[-133,-10],[-98,-66],[-156,-9],[-214,-66],[-103,35],[-60,-27],[-162,20],[-272,12],[-259,-46],[-104,18],[-53,-5],[-72,-31],[-4,-50],[-42,-30],[-132,-9],[-72,-30],[-168,-158],[-260,-171],[-63,-79],[-49,-17],[-28,-69],[-55,-53],[-7,-74],[-24,-71],[35,-119],[-24,-70],[6,-49],[-40,-31],[-104,11],[-51,-12],[-34,-35],[-63,-122],[-36,-31],[-98,-48],[-67,-76],[-70,-265],[-30,-69],[-4,-99],[-26,-1],[-68,39],[-126,38],[-38,34],[-83,127],[-65,43],[-126,36],[-185,-8],[-101,25],[-102,79],[-30,41],[-8,36],[-63,30],[-83,96],[-105,67],[-222,28],[-53,-23],[-124,-4],[-67,21],[-56,33],[-63,59],[-67,99],[-126,282],[-237,252],[-68,37],[-203,-85],[-24,2],[-37,31],[-33,64],[-31,130],[-30,282],[-24,25],[-24,-4],[-19,-24],[4,-140],[-23,-124],[-113,-380],[-14,-16],[-66,-19],[-79,-107],[-25,-58],[-40,-38],[-18,-47],[-60,-35],[-25,-34],[14,-30],[-7,-83],[-20,-23],[7,-37],[-34,-69],[-13,-68],[-58,-34],[-9,-31],[-32,-14],[4,-19],[-12,-15],[-40,1],[7,-30],[-15,-4],[0,-32],[-35,-3],[7,-45],[-105,-56],[5,-19],[57,28],[47,-22],[-55,-49],[-56,-22],[-2,-48],[9,-22],[23,0],[11,50],[45,-23],[19,-30],[-16,-66],[11,-10],[145,41],[30,-6],[77,13],[93,-29],[58,56],[33,11],[-12,-59],[-36,-24],[-10,-52],[-49,-44],[-11,-69],[-49,-121],[2,-20],[30,-24],[19,-90],[32,11],[0,51],[51,29],[15,-7],[14,-50],[65,-26],[68,13],[35,61],[34,22],[58,-28],[63,4],[40,-61],[92,-56],[-7,-17],[-49,-16],[-2,-39],[-46,-8],[5,-50],[-44,-115],[35,-19],[38,-47],[21,36],[38,-13],[17,7],[26,72],[18,16],[17,-1],[26,-17],[4,-69],[24,-34],[-5215,1],[-6036,-1],[-135,17],[0,45],[-20,38],[-17,-15],[-17,15],[-56,3],[-27,-36],[-14,-1],[-11,15],[12,40],[-14,19],[-11,-4],[0,-48],[-28,-3],[-1,35],[-23,11],[-22,-52],[-40,51],[1,42],[-42,-13],[5,-40],[-47,-8],[-15,7],[-4,27],[-33,-5],[-24,12],[-6,47],[-91,-33],[4,26],[26,9],[-42,37],[-9,-36],[-31,-25],[8,-30],[-56,-26],[-6,11],[18,35],[-16,8],[-22,-25],[-31,33],[12,34],[-13,37],[-14,-3],[9,-28],[-34,-25],[-48,29],[12,31],[-28,-17],[-24,31],[-45,-27],[-32,52],[-14,-8],[4,-36],[-19,-6],[-45,28],[27,13],[-40,38],[13,26],[-7,8],[-38,-2],[10,-39],[-11,-24],[-17,15],[-3,36],[-23,-13],[-49,6],[-2,-48],[-61,3],[35,54],[-35,59],[-115,-9],[-16,-23],[-28,12],[-6,-19],[11,-12],[-16,-14],[-13,33],[-9,-20],[-26,11],[-10,-23],[-28,-13],[26,-28],[-24,-7],[-15,-23],[-2,29],[-43,-6],[-5,-14],[35,-15],[0,-15],[-29,5],[-23,-27],[-4,29],[-33,-27],[-26,14],[6,-23],[-12,-3],[-42,44],[-10,-59],[-26,-8],[9,30],[-32,22],[5,-42],[-69,-31],[-4,-35],[-15,2],[-4,24],[-16,-14],[-26,0],[28,-41],[-25,-23],[-26,19],[-38,-29],[-20,2],[-1,-25],[-29,-1],[-13,-56],[-23,5],[4,49],[-18,5],[-29,-37],[3,-15],[24,0],[-4,-24],[-41,-5],[-19,-30],[-28,11],[-39,-15],[-39,34],[14,29],[-39,0],[-27,-23],[43,-19],[1,-12],[-55,0],[-70,-51],[-24,12],[-8,25],[-61,62],[-22,-8],[-8,-37],[-78,-18],[24,24],[-18,28],[-5,43],[-9,-27],[-74,8],[-9,-31],[-18,21],[-28,-18],[-78,51],[-37,11],[-73,-24],[-32,8],[-27,-11],[-23,29],[10,-38],[-28,16],[-31,-12],[-51,14],[-60,-16],[26,-13],[-13,-28],[-74,30],[-23,-22],[-3,-26],[-26,2],[-31,-40],[32,-6],[22,-42],[-21,-13],[-21,5],[10,21],[-19,-1],[-15,22],[-21,-39],[-37,38],[-25,-18],[17,-16],[-22,-23],[-41,5],[-22,-39],[-36,-3],[30,-17],[-6,-26],[-68,11],[-5,-26],[19,-10],[-23,-5],[12,-28],[-19,-21],[-16,13],[-29,1],[17,40],[-35,-18],[-12,4],[4,28],[-66,-17],[-62,54],[-5,-15],[24,-13],[-3,-10],[-39,-13],[-19,-35],[-50,8],[-10,7],[17,13],[-22,0],[-6,26],[-17,-19],[-35,2],[30,50],[-17,-18],[-27,1],[7,21],[-46,17],[19,16],[-18,21],[-23,2],[-6,-14],[-35,-9],[-21,40],[-18,7],[10,13],[-11,23],[-33,-34]],[[67143,68260],[-73,7],[-94,-28],[-73,-67],[6,-17]],[[109242,87977],[-67,-8],[-114,11],[-52,-26],[-87,-14],[-93,50],[-154,39],[-31,21],[-49,115],[-73,36],[-14,20],[0,43],[62,79],[-58,117],[-63,58],[-97,25],[-96,69],[-81,159],[-57,63],[-86,2],[-15,-10],[5,-42],[-12,-20],[-106,-28],[-32,-1],[-59,52],[-37,5],[8,87],[47,70],[-14,54],[-53,34],[-32,-3],[-27,-31],[9,-102],[-10,-25],[-44,-16],[-40,7],[-48,42],[-131,45],[-42,33],[-26,-10],[-48,-55],[-19,-3],[-59,2],[-129,56],[-23,40],[4,44],[55,30],[80,5],[65,24],[33,41],[-7,40],[-66,5],[-53,-22],[-79,-6],[-33,30],[-6,48],[21,117],[-8,23],[-146,53],[-109,116],[-68,49],[-27,4],[-101,-31],[-31,4],[-30,23],[-14,21],[3,65],[-61,167],[-36,24],[-95,16],[-25,-2],[-20,-16],[-47,2],[-24,14],[-34,60],[-4,97],[5,11],[29,2],[7,29],[-20,37],[-68,14],[-52,-14],[0,-48],[-22,-67],[-26,-24],[-36,-9],[-84,21],[-103,115],[-32,-8],[-34,-57],[-88,6],[-91,39],[-24,-8],[-20,-33],[-66,36],[-35,-53],[-67,13],[-84,-9],[-72,-31],[-36,-64],[-48,-16],[-171,102],[-32,-10],[-17,-36],[-37,-20],[-100,95],[-10,-20],[20,-44],[-13,-14],[-93,-7],[8,47],[-46,44],[-41,14],[-10,25],[-62,-16],[-59,21],[-84,-5],[-130,70],[-22,-2],[-39,-30],[-68,24],[-85,-75],[-147,-16],[-69,25],[-63,-28],[-99,8],[-8,-38],[33,-40],[-12,-33],[-83,-43],[-51,11],[-48,-16],[-52,-52],[-66,-37],[-28,4],[-37,25],[-37,1],[-33,-32],[-4,-39],[-38,-67],[-71,6],[-101,-23],[-99,-65],[-34,-41],[-133,-51],[-23,26],[-8,56],[-45,46],[-64,5],[-47,-61],[-26,-5],[-21,24],[-6,44],[-36,12],[-75,-60],[-30,-3],[-31,16],[-12,62],[-30,10],[-52,-96],[-33,-1],[-69,33],[-22,-13],[-18,-36],[-24,0],[-40,30],[-37,-1],[-45,-56],[-73,11],[-25,-45],[-28,-20],[-24,17],[-9,38],[-46,14],[-151,-52],[-76,-4],[-93,-67],[-62,-10],[-28,33],[-57,26],[-127,-48],[-104,34],[-38,-7],[-21,-38],[-37,-25],[-45,9],[-17,69],[-14,10],[-95,-19],[-23,5],[-60,53],[-50,11],[-68,-33],[-29,0],[-32,35],[21,72],[-7,21],[-36,14],[-50,-18],[-31,48],[-163,52],[-31,-7],[-12,-30],[-40,-25],[-58,50],[-72,-9],[-34,-42],[-18,-65],[-14,-7],[-90,10],[-60,-24],[-122,18],[-26,-28],[0,-101],[-30,-29],[-26,12],[-59,78],[-34,1],[-46,-37],[-30,-5],[-47,68],[-34,13],[-78,-39],[-91,31],[-56,-8],[-75,-31],[-49,-41],[-78,15],[-78,66],[-33,8],[-63,-11],[-85,7],[-31,-15],[-21,-28],[-62,-13],[-94,53],[-14,18],[2,33],[-141,111],[-91,1],[-116,103],[-26,-14],[30,-65],[-18,-23],[-40,-3],[-31,15],[-75,6],[-76,-17],[-35,10],[-56,69],[-23,7],[-24,-10],[-63,35],[-63,78],[-36,21],[-35,-9],[-94,-97],[-70,-24],[-17,13],[-15,63],[-36,19],[-51,-31],[8,-70],[-24,-22],[-33,-1],[-118,47],[-104,-28],[-12,54],[-32,30],[-93,21],[-88,60],[-19,-7],[-13,-36],[-30,-3],[-57,55],[-97,21],[-77,90],[-41,20],[-36,2],[-41,-33],[7,-18],[37,-20],[18,-36],[-9,-27],[-88,-2],[-29,-33],[-12,-64],[24,-51],[-7,-12],[-21,1],[-51,33],[-83,12],[-44,40],[-28,57],[-27,18],[-77,5],[0,-46],[-27,-37],[0,-112],[-24,-6],[-23,20],[26,43],[-4,32],[-19,15],[-161,9],[-81,-43],[-90,-115],[-42,-17],[-136,30],[-10,-27],[18,-41],[-2,-24],[-19,-18],[-85,-12],[-12,-15],[0,-55],[-25,-37],[-23,-8],[-56,12],[-94,-16],[-40,54],[-32,7],[-22,-28],[5,-47],[-28,-15],[-24,26],[4,102],[-23,21],[-29,-1],[-50,-44],[-32,-7],[-88,48],[-101,10],[-25,-50],[19,-94],[-25,-16],[-65,18],[-70,107],[-92,55],[-44,6],[-13,-29],[85,-98],[26,-63],[-7,-69],[-23,-14],[-53,7],[-52,71],[-39,3],[-23,-36],[10,-40],[-14,-35],[-39,-4],[-60,19],[-42,-21],[-36,-45],[-58,-26],[-49,12],[-13,89],[-29,27],[-60,-58],[-1,-87],[-63,-36],[-33,79],[-101,43],[-56,50],[-15,21],[2,44],[-19,13],[-33,0],[-11,-13],[30,-58],[7,-53],[-66,-1],[-65,23],[-31,-14],[-10,-34],[41,-66],[-24,-36],[-52,3],[-26,16],[-29,85],[-21,25],[-61,7],[-19,-12],[-11,-39],[66,-101],[-2,-26],[-33,-14],[-35,14],[-86,75],[-18,69],[-42,28],[-64,4],[-106,-34],[-16,10],[-4,29],[30,71],[-32,43],[-75,11],[-100,-22],[-51,34],[-17,-17],[11,-37],[-38,-8],[-6,-23],[-45,-36],[14,-14],[-1,-44],[-20,-30],[-87,-54],[-46,-11],[-89,-68],[-67,26],[-124,-11],[-89,37],[-17,-6],[-23,12],[-62,-18],[-30,18],[-58,-3],[-35,12],[-92,-40],[-53,4],[-57,-20],[-67,32],[-48,-13],[-79,1],[-24,13],[-59,-12],[-32,13],[-75,-45],[-63,2],[-59,21],[-40,-31],[-21,-3],[-90,38],[-62,-43],[-97,-43],[-46,-59],[-46,-20],[-100,-80],[-74,-4],[-29,-27],[-38,10],[-68,-20],[-70,13],[-118,-23],[-71,13],[-46,39],[10,17],[-31,11],[-138,26],[-42,-6],[-35,12],[-22,-5],[-15,11],[-34,-5],[-59,18],[-58,-64],[-200,-138],[-24,-4],[-73,-69],[-65,-18],[-33,-39],[-77,-26],[-23,-23],[-187,-52],[-112,19],[-55,-3],[-148,-69],[-49,-10],[-197,-200],[-64,-43],[-21,-46],[-45,-41],[-73,-16],[-55,-47],[-112,-13],[-67,6],[-60,32],[-55,6],[-134,68],[-5,15],[-61,14],[-27,37],[-62,31],[-22,29],[-80,39],[-143,43],[-81,1],[-94,67],[-68,6],[-53,35],[-24,-3],[-23,24],[-70,14],[-135,107],[10,13],[-28,17],[-18,176],[-46,32],[41,151],[-4,63],[-20,55],[-39,50],[-58,40],[-38,12],[-87,1],[-101,24],[-49,30],[-52,73],[-113,24],[-33,24],[-52,180],[-110,131],[-46,110],[-15,151],[35,128]],[[85962,90230],[110,133],[13,88],[-18,95],[18,16],[125,13],[35,-12],[65,-103],[21,-13],[14,-4],[45,27],[-6,40],[23,63],[-5,81],[29,16],[87,11],[16,39],[57,43],[6,32],[26,33],[91,38],[25,59],[-36,59],[-25,16],[3,74],[73,51],[32,43],[49,15],[28,72],[46,43],[71,22],[222,-5],[65,22],[64,82],[29,54],[23,92],[20,22],[94,-1],[105,-46],[39,-4],[33,34],[14,47],[-17,211],[58,55],[123,60],[70,60],[135,-5],[35,-22],[47,0],[23,49],[-17,171],[47,73],[42,273],[67,132],[-13,177],[120,149],[43,35],[34,94],[3,43],[-19,17],[-25,142],[-25,40],[4,56],[23,43],[-15,22],[-5,66],[-13,14],[-7,161],[-21,49],[48,55],[-15,91],[-17,30],[5,33],[42,38],[11,34],[71,8],[49,-29],[30,3],[78,87],[49,13],[37,37],[68,20],[30,58],[-4,13],[33,44],[8,43],[54,58],[3,82],[-15,31],[11,9],[-5,77],[67,159],[98,157],[98,245],[101,185],[36,157],[49,77],[19,68],[87,181],[20,76],[71,70],[54,29],[144,238]],[[89800,96259],[44,-10],[41,23],[127,37],[60,4],[57,-14],[52,21],[43,-16],[22,31],[42,-3],[25,17],[112,-28],[17,22],[46,12],[31,0],[31,-18],[115,67],[42,-23],[74,12],[37,-7],[30,27],[46,11],[44,60],[-33,86],[-4,60],[79,57],[57,24],[130,-9],[275,32],[190,-5],[50,-13],[56,-54],[107,-14],[49,-21],[17,-48],[5,-110],[94,-25],[69,36],[60,10],[126,2],[119,-43],[47,12],[84,81],[29,81],[53,20],[100,-4],[86,-100],[37,-8],[114,13],[34,22],[48,9],[32,59],[38,5],[35,-28],[-4,-77],[-27,-53],[-27,-12],[-25,-37],[9,-110],[12,-19],[22,-4],[58,22],[69,69],[95,37],[136,-3],[203,42],[146,-71],[59,-3],[124,40],[38,-4],[34,-33],[65,-107],[40,-18],[63,-2],[54,12],[58,42],[49,0],[52,57],[61,7],[41,96],[56,18],[120,-31],[100,14],[82,-9],[51,-45],[66,-109],[84,-22],[128,36],[201,-23],[195,45],[132,59],[108,-39],[31,0],[142,68],[31,2],[23,-16],[8,-60],[26,-37],[84,-10],[46,-48],[27,-8],[33,27],[37,78],[50,29],[143,-72],[47,6],[40,39],[23,8],[34,-12],[26,-32],[20,-6],[38,14],[41,-2],[63,32],[81,18],[169,7],[44,50],[131,-3],[31,-21],[31,-66],[-16,-57],[14,-26],[50,-23],[79,13],[51,-28],[7,-34],[-56,-21],[-15,1],[-29,37],[-12,0],[33,-63],[-2,-21],[-22,-22],[22,-37],[125,-15],[64,-41],[63,9],[65,-33],[56,23],[36,-25],[45,21],[76,-15],[130,11],[161,-69],[245,75],[37,63],[45,32],[8,48],[15,7],[36,-9],[26,14],[17,26],[5,64],[47,40],[63,9],[118,-9],[90,-34],[14,3],[7,38],[21,22],[129,34],[21,22],[-1,25],[-53,27],[-21,115],[85,62],[28,-2],[25,-74],[54,-19],[36,30],[67,119],[82,43],[128,-3],[35,-53],[51,-25],[127,18],[4,14],[-28,16],[-2,21],[57,62],[-22,13],[-31,-21],[-48,13],[4,42],[23,19],[75,-26],[46,30],[30,6],[52,-41],[58,-2],[31,-33],[35,79],[48,-3],[148,35],[85,2],[62,-57],[34,1],[32,33],[25,71],[57,9],[-2,41],[37,25],[28,-2],[56,-44],[71,-27],[57,-7],[208,48],[102,-12],[63,12],[28,21],[37,60],[25,8],[27,-7],[41,-95],[36,-39],[46,-25],[73,-12],[35,-26],[116,-21],[20,-21],[7,-46],[15,-13],[64,14],[49,-13],[47,14],[27,-22],[75,-6],[63,-30],[188,40],[11,6],[-13,38],[18,22],[73,-9],[49,49],[31,0],[51,-28],[52,15],[12,-29],[50,-10],[20,-31],[31,-18],[16,-63],[28,-13],[35,-48],[-22,-33],[-27,1],[-8,-18],[17,-30],[57,22],[12,-15],[-60,-45],[66,-6],[32,15],[22,-52],[38,-8],[68,-56],[27,-6],[2,-23],[-34,-35],[50,-24],[1,-32],[40,-30],[22,-43],[62,6],[27,-9],[-2,26],[22,5],[147,-65],[69,-6],[11,23],[55,-6],[17,60],[23,19],[27,-7],[19,-33],[-45,-18],[1,-12],[98,-9],[47,45],[22,-58],[1,46],[53,7],[13,-48],[29,-31],[-11,-37],[35,-23],[9,-41],[57,-47],[52,14],[6,22],[38,-3],[19,30],[62,-57],[93,35],[22,-4],[45,-39],[72,3],[10,-80],[28,-13],[18,-27],[41,0],[-9,-53],[16,-39],[78,3],[9,-11],[-33,-13],[3,-15],[48,6],[47,-71],[54,2],[49,-34],[47,0],[31,-45],[19,-7],[134,25],[58,-3],[64,-27],[56,18],[42,43],[49,-29],[49,28],[67,2],[84,48],[30,40],[35,17],[-4,43],[180,59],[16,17],[-2,30],[41,33],[71,9],[53,-12],[44,34],[38,-23],[48,29],[45,-25],[25,21],[62,-15],[19,22],[68,-26],[30,19],[29,-5],[88,22],[71,32],[27,-13],[8,-33],[106,-33],[73,32],[72,7],[3256,-3865],[3050,-3600]],[[88868,96501],[240,-54],[99,-43],[113,2],[67,-17],[21,-10],[22,-36],[127,-11],[94,-66],[31,-6],[72,18],[46,-19]],[[85962,90230],[-94,-11],[-41,-110],[-96,-79],[-64,-94],[-36,5],[-5,-36],[15,-25],[36,-23],[51,12],[30,-8],[-2,-15],[-32,-63],[0,-37],[-66,-115],[-7,-147],[-30,-103],[-41,-51],[-25,-59],[-62,-37],[-30,-44],[9,-20],[87,38],[133,5],[15,-14],[6,-33],[-9,-163],[68,-55],[105,-55],[-16,-15],[-18,-60],[-40,-41],[-59,-11],[-34,-60],[38,-102],[123,-49],[82,-77],[-58,-33],[-33,-57],[54,-91],[45,-36],[49,-18],[44,-5],[110,15],[30,9],[38,62],[125,45],[3,-40],[27,-28],[5,-18],[-24,-38],[-6,-56],[-107,-82],[-97,-53],[-69,-64],[-33,-16],[-97,-5],[-11,-47],[0,-32],[26,-55],[73,-51],[59,-71],[45,-90],[34,-33],[-13,-84],[17,-51],[-23,-39],[-5,-118],[38,-51],[10,-40],[-12,-22],[4,-29],[95,-72],[33,-63],[-34,-122],[12,-127],[-22,-55],[-41,-52],[87,-27],[-20,-31],[-80,-19],[-65,-86],[-4,-50],[-29,-53],[-34,-21],[-13,-35],[-78,1],[-16,-13],[-14,-106],[-29,-42],[-6,-56],[-55,4],[-24,-18],[-103,14],[-59,-33],[14,-44],[72,-5],[94,-50],[95,-15],[41,14],[53,-2],[81,-65],[55,-1],[39,-18],[42,-53],[117,-6],[58,16],[27,-38],[36,-15],[25,34],[0,38],[105,-4],[85,14],[30,-26],[68,17],[48,-31],[54,-7],[19,-14],[4,-64],[-35,-56],[9,-145],[-21,-64],[-69,-119],[-12,-49],[-37,-33],[-57,-26],[-9,-116],[-39,-54],[-14,-67],[-85,-88],[-36,-21],[49,-52],[100,-58],[101,-38],[76,-11],[21,-119],[-89,-141],[-76,-78],[-7,-55],[17,-77],[-23,-75],[-40,-41],[-103,2],[-22,-9],[-10,-56],[20,-124],[-8,-42],[-64,-87],[-44,-92],[-16,-5],[-130,-150],[-57,-41],[-108,-199],[-123,87],[-93,88],[-53,71],[-68,151],[-144,146],[-110,3],[-79,-30],[-33,-37],[-19,-52],[-21,-15],[0,-63],[-76,-70],[-34,-54],[-26,-14],[-8,-47],[-35,-65],[-142,-87],[-96,-107],[-52,-23],[-126,-101],[-8,-78],[-29,-88],[-56,-119],[-58,-78],[-104,-35],[-95,-67],[-59,-81],[-58,-48],[-25,-45],[-181,-111],[-21,-30],[-30,-6],[-18,17],[-107,-81],[59,-49],[53,1],[23,-12],[-70,-142],[-43,-51],[-29,-10],[-50,54],[-19,1],[-38,-26],[-114,-31],[-98,-9],[-42,-32],[-125,-50],[-8,-83],[-67,-27],[-39,-62],[-7,-74],[-51,-64],[-83,-32],[-33,-62],[-105,-24],[-73,-70],[-105,-36],[-15,-40],[-12,27],[-36,1],[-80,40],[-26,28],[-22,48],[4,95],[-33,96],[-298,154],[-64,58],[-115,167],[-83,174],[-9,53],[-111,101],[-52,-2],[-111,-75],[-9,-29],[20,-49],[-224,-108],[-72,-65],[-25,-45],[-45,-32],[-49,-3],[-41,12],[-41,43],[-91,46],[12,-80],[-56,-138],[-137,-435],[-82,-140],[-23,-143],[-67,-102],[-53,-124],[-71,-36],[-27,-52],[0,-46],[-62,-54],[-6,-18],[-54,-35],[-5,-31],[-25,-13],[-7,-53],[20,-33],[-21,-43],[-36,-12],[-34,-85],[-37,-9],[13,-24],[-15,-32],[-64,-17],[-42,-44],[83,-130],[62,-27],[74,-63],[114,-67],[18,-69],[48,-46],[26,-45],[30,-5],[71,45],[66,15],[34,-59],[-3,-148],[20,-90],[-207,-172],[-19,-39],[32,-84],[-5,-29],[-134,-77],[-79,-60],[-57,-67],[-30,-82],[-98,-69],[-38,-117],[-137,84],[-114,28],[-41,68],[-59,5],[-5,18],[-47,27],[-29,-10],[17,-17],[-2,-21],[-29,-23],[-19,-51],[-67,-51],[13,-115],[-27,-10],[-11,-29],[-24,-18],[-27,-78],[-16,-131],[-39,-37],[-33,-85],[7,-187],[64,-122],[-22,-43],[10,-28],[-7,-28],[-15,-22],[-60,-12],[-2,-104],[-15,-27],[-49,-56],[-89,-44],[8,-53],[-31,-36],[7,-21],[-18,-89],[-22,-34],[25,-46],[-20,-94],[15,-47],[27,-29],[72,-36],[32,-44],[102,-215],[-4,-111],[-38,-69]],[[52344,61411],[87,-131],[93,-62],[16,-25],[58,-11],[40,-75],[172,-150],[142,-118],[51,-11],[75,-59],[34,-50],[20,-1],[59,-69],[216,-153],[516,-410],[98,-19],[142,3],[118,-56],[70,-84],[65,-4],[85,-46],[149,-27],[58,-37],[104,-37],[63,-62],[7,-98],[47,-107],[-31,-21],[-25,-43],[-9,-94],[-26,-65],[0,-82],[-33,-28],[-98,-38],[-28,-37],[3,-23],[-53,-72],[-61,-28],[-21,-24],[-20,-193],[-82,-84],[-95,-187],[-37,-36],[-76,-31],[-41,-143],[-22,-26],[-65,-35],[-11,-27],[-5,-62],[41,-64],[-22,-100],[88,-70],[26,-56],[34,-37],[10,-66],[-17,-47],[-10,-98],[75,-96],[-58,-2],[-95,-84],[-80,-49],[-5,-65],[-48,-16],[-29,-32],[-38,-2],[-20,-76],[-39,-33],[5,-22],[25,-17],[1,-22],[-49,-52],[-26,-12],[-75,-3],[-32,27],[-94,-16],[-126,104],[-94,50],[-23,59],[-50,45],[11,117],[-45,25],[-25,38],[-70,4],[-64,69],[-81,-15],[-37,8],[-61,35],[-38,64],[-143,37],[-71,-85],[-31,-102],[-50,-33],[-49,-93],[-184,-171],[-32,-174],[-30,-81],[-37,-58],[-27,-6],[-18,-20],[-21,-46],[-27,-8],[-72,49],[-61,-1],[-200,77],[-67,7],[-59,-4],[-34,-46],[-25,1],[-19,-21],[-37,-10],[-33,-76],[-77,-50],[-54,-86],[-44,-14],[-188,-744],[234,-590],[-115,-19],[-94,-153],[-87,-47],[-301,-15],[-79,-14],[-131,30],[-42,50],[-56,27],[-18,24],[-31,60],[9,38],[-32,-11],[-137,97],[-82,134],[-161,128],[-52,55],[-16,46],[-20,10],[-94,-14],[-57,32],[-37,39],[-35,10],[-49,-21],[-138,-1],[-91,-29],[-97,-48],[-154,-12],[-31,60],[-34,-5],[-56,17],[-69,-68],[-31,-61],[-39,-89],[-7,-103],[-60,-121],[-63,-195],[-36,-62],[-40,-23],[-198,-45],[-15,-18],[-10,-50],[18,-29],[-5,-28],[15,-43],[-42,-85],[7,-51],[29,-40],[58,-138],[-4,-50],[-23,-49],[-19,-15],[-172,-42],[-105,-102],[-41,-18],[-46,14],[-117,175],[-40,31],[-38,3],[-35,-24],[-43,-1],[-59,73],[-49,16],[-139,-31],[-215,65],[-38,-10],[-150,-147],[-116,-85],[-48,-101],[11,-81],[116,-201],[-8,-80],[-22,-42],[-62,-22],[-2,-52],[1,-48],[101,-61],[26,-67],[-27,-82],[-37,-77],[-61,-25],[-64,-6],[-82,-42],[-90,-18],[-70,-121],[-43,-42],[11,-75],[28,-77],[71,-89],[-63,-126],[3,-43],[26,-21],[91,1],[176,-135],[29,-151],[-38,-85],[17,-70],[64,-64],[34,-4],[51,-46],[104,-146],[92,-45],[114,-19],[227,-3],[281,-83],[57,-33],[27,-1],[67,-67],[93,-53],[17,1],[177,-123],[64,-95],[34,-104],[15,-113],[-39,-97],[7,-181],[43,-12],[85,25],[277,212],[54,0],[40,-50],[7,-105],[-112,-254],[-40,-228],[0,-44],[17,-45],[47,-22],[385,9],[94,26],[200,158],[50,16],[75,3],[89,-31],[25,-109],[52,-53],[39,-22],[18,-29],[122,-9],[252,88],[79,-20],[32,-21],[11,-60],[9,-93],[-25,-196],[39,-65],[-1,-16],[-19,-11],[37,-95],[91,-146],[-3,-25],[60,-51],[45,-9],[25,5],[115,101],[32,15]],[[51069,49822],[42,-20],[48,-60],[53,-119],[-16,-67],[52,-93],[-22,-80],[-73,-80],[-16,-46],[-37,-46],[0,-42],[-62,-27],[-101,-155],[-4,-93],[-28,-145],[11,-19],[54,-9],[19,-66],[-27,-42],[-45,-27],[5,-28],[-72,-137],[-48,-21],[-34,12],[0,-47],[37,-66],[-30,-69],[-8,-151],[16,-77],[-24,-47],[-7,-91],[-68,-95],[-106,-64],[4,-27],[54,-59],[1,-70],[-77,-4],[-74,-103],[-125,-73],[1,-62],[-42,-26],[0,-38],[-29,-35],[-6,-41],[-65,-20],[-77,-68],[-71,-23],[-88,-118],[-50,-35],[-25,-42],[-53,-15],[-18,-18],[-3,-58],[-27,-17],[34,-21],[65,-73],[49,-87],[-14,-50],[-79,-73],[-1,-26],[24,-54],[-42,-68],[65,21],[33,-18],[40,-69],[-4,-66],[29,-72],[-6,-56],[30,-54],[43,-41],[163,-92],[94,-36],[132,31],[40,-39],[131,-73],[30,5],[42,48],[22,3],[115,-68],[83,-27],[175,10],[74,34],[38,-7],[10,-14],[-14,-30],[50,-5],[-8,-37],[22,-2],[6,31],[12,4],[13,-13],[-5,-24],[36,-15],[9,24],[72,4],[22,13],[44,-22],[-8,-108],[68,-27],[33,4],[101,-57],[-1,-62],[18,-26],[77,28],[38,-34],[67,-22],[-3,-28],[-29,-12],[-5,-23]],[[34928,58836],[108,8],[52,-157],[88,-106],[75,-9],[59,25],[46,64],[4,55],[-36,2],[-61,-100],[-21,-3],[-44,35],[-26,34],[-40,121],[-10,112],[-24,54],[17,34],[35,20],[-44,10],[-51,-6],[61,154],[89,43],[67,-17],[25,-80],[84,-45],[15,38],[-50,16],[-25,58],[25,64],[50,33],[134,40],[41,-5],[42,-35],[22,-71],[15,5],[0,25],[22,32],[8,81],[36,16],[77,-5],[27,-19],[2,-19],[66,-13],[60,-40],[61,-10],[16,-19],[-11,-93],[12,-21],[49,-5],[10,-11],[37,-135],[47,-95],[0,-30],[-24,-13],[-71,-2],[-15,-9],[0,-16],[85,-6],[140,88],[40,7],[33,21],[11,18],[-21,10],[-106,-49],[-22,5],[-12,21],[-14,86],[32,94],[-31,87],[47,21],[48,-5],[22,17],[-20,22],[-44,-4],[-68,26],[5,44],[-36,11],[-20,21],[-5,56],[11,69],[23,55],[41,40],[-32,16],[-45,-27],[-18,12],[30,213],[69,71],[26,-1],[25,-57],[20,3],[-3,34],[24,-2],[53,54],[34,12],[45,-1],[62,-31],[54,26],[39,73],[54,27],[67,-44],[51,93],[-95,63],[-36,-4],[-109,31],[-40,-7],[-16,12],[18,-18],[-34,0],[-6,34],[29,57],[213,186],[49,10],[60,-6],[35,-39],[17,19],[-7,29],[17,38],[27,45],[24,8],[33,60],[35,108],[6,64],[110,-5],[59,-31],[31,-42],[41,-18],[48,-4],[66,26],[5,39],[-17,39],[-36,-27],[-47,-13],[-43,61],[-26,15],[-87,160],[-49,26],[-1,66],[19,36],[35,18],[43,0],[-21,36],[-4,50],[21,62],[73,122],[34,14],[85,-5],[71,-28],[52,77],[-23,86],[-62,62],[-32,10],[-47,38],[46,84],[57,32],[-21,49],[-26,-2],[-59,26],[-32,-11],[-46,5],[24,63],[-11,5],[-88,-77],[-94,-126],[-23,-14],[-9,2],[9,49],[87,163],[33,20],[-12,29],[9,36],[132,212],[75,151],[31,29],[74,-39],[18,16],[-30,57],[26,69],[215,126],[36,1],[26,16],[8,35],[420,497],[136,206],[82,172],[36,172],[31,34],[54,19],[0,64]],[[51069,49822],[101,-22],[99,-58],[70,-25],[45,-36],[95,-122],[30,-9],[93,13],[97,76],[144,70],[88,24],[38,-26],[23,26],[104,-7],[29,-28],[50,-8],[155,88],[181,169],[87,119],[94,210],[93,135],[80,50],[153,57],[90,68],[116,131],[239,197],[57,35],[64,16],[69,-3],[166,-54],[56,10],[107,64],[40,59],[162,133],[81,35],[212,39],[84,28],[193,88],[251,152],[57,75],[35,192],[148,151],[23,91],[70,146],[89,65],[35,51],[274,208],[57,70],[85,278],[194,353],[103,129],[188,155],[80,123],[52,150],[175,62],[28,38],[16,37],[-2,81],[16,81],[93,145],[88,174],[18,21],[126,6],[267,101],[100,14],[141,47],[94,42],[69,62],[79,115],[106,194],[-16,83],[-97,129],[-19,101],[176,110],[90,83],[-10,10],[-2,80],[69,144],[78,109],[34,75],[10,117],[31,38],[289,39],[82,59],[116,268],[40,-12],[82,1],[107,44],[53,132],[103,142],[66,171],[63,56],[100,47],[110,77],[63,68],[102,233],[86,74],[31,61],[-3,112],[-53,107],[0,32],[251,0],[160,-17],[66,35],[19,30],[-9,32],[-34,27],[-5,41],[16,32],[82,140],[110,83],[157,194],[50,125],[-9,47],[-33,46],[-38,47],[-71,52],[16,57],[-54,120],[18,91],[50,73],[63,59],[65,188],[-6,36],[-38,7],[-50,34],[-44,6],[-34,27],[-3,62],[47,98],[71,36],[117,29],[294,-16],[72,12],[59,28],[150,117],[118,117],[120,185],[207,256],[126,207],[110,130],[109,103],[236,183],[100,101],[71,96]],[[23,143580],[13,62],[20,26],[-15,11],[-12,49],[13,30],[74,74],[4,95],[121,124],[50,19],[48,-65],[86,-30],[19,-21],[-21,-16],[-63,3],[-60,-38],[-4,-9],[32,-37],[-21,-18],[-16,11],[-24,6],[24,5],[-29,15],[-5,-21],[21,-18],[5,-1],[8,11],[11,-18],[24,-3],[-2,-17],[-65,-11],[3,-17],[34,0],[-11,-98],[11,-48],[-39,-28],[10,-74],[-61,-78],[-21,-158],[-100,-185],[-34,-24],[-28,19],[-21,83],[8,44],[44,63],[10,156],[-12,18],[23,9],[-25,0],[-44,28],[-6,14],[23,58]],[[3133,150482],[10,36],[-8,47],[16,48],[66,95],[31,15],[22,-1],[27,-20],[34,10],[22,27],[1,62],[31,20],[3,19],[18,2],[23,-58],[67,-14],[-1,-17],[-33,-35],[12,-9],[-10,-19],[24,-23],[13,-40],[37,10],[8,-20],[-8,-26],[-61,-28],[12,-83],[-39,-80],[-81,-17],[-62,-65],[-49,-5],[-52,-32],[-19,1],[-20,9],[-21,43],[16,34],[-18,60],[-31,13],[20,41]],[[3296,150805],[-41,37],[12,48],[74,27],[22,-6],[-17,-17],[-4,-40],[27,-11],[-21,-31],[-52,-7]]],"transform":{"scale":[0.00010901655851289789,0.00011679458510306991],"translate":[-81.7356575,-4.2316872]},"objects":{"COLADM1gbOpen":{"type":"GeometryCollection","geometries":[{"arcs":[[0,1,2,3,4]],"type":"Polygon","properties":{"shapeName":"Caldas","shapeISO":"CO-CAL","shapeID":"13589884B36646919284035","shapeGroup":"COL","shapeType":"ADM1"}},{"arcs":[[5,6,7,8]],"type":"Polygon","properties":{"shapeName":"Amazonas","shapeISO":"CO-AMA","shapeID":"13589884B76063723503478","shapeGroup":"COL","shapeType":"ADM1"}},{"arcs":[[9,10,11,12,13,14,15]],"type":"Polygon","properties":{"shapeName":"Meta","shapeISO":"CO-MET","shapeID":"13589884B75246552958907","shapeGroup":"COL","shapeType":"ADM1"}},{"arcs":[[-3,16,-12,17,18,19]],"type":"Polygon","properties":{"shapeName":"Cundinamarca","shapeISO":"CO-CUN","shapeID":"13589884B23733272568917","shapeGroup":"COL","shapeType":"ADM1"}},{"arcs":[[-4,-20,20,21,22,23,24]],"type":"Polygon","properties":{"shapeName":"Tolima","shapeISO":"CO-TOL","shapeID":"13589884B56780975975491","shapeGroup":"COL","shapeType":"ADM1"}},{"arcs":[[[-1,25,26,27,28,29,30,31]],[[32]]],"type":"MultiPolygon","properties":{"shapeName":"Antioquia","shapeISO":"CO-ANT","shapeID":"13589884B3780741375954","shapeGroup":"COL","shapeType":"ADM1"}},{"arcs":[[33,34,35]],"type":"Polygon","properties":{"shapeName":"Atlántico","shapeISO":"CO-ATL","shapeID":"13589884B77991835419453","shapeGroup":"COL","shapeType":"ADM1"}},{"arcs":[[[36]],[[37]],[[-30,38,39,40,-36,41,42,43]],[[44]],[[45]]],"type":"MultiPolygon","properties":{"shapeName":"Bolívar","shapeISO":"CO-BOL","shapeID":"13589884B96168520946689","shapeGroup":"COL","shapeType":"ADM1"}},{"arcs":[[-43,46,47,48,49,50]],"type":"Polygon","properties":{"shapeName":"Cesar","shapeISO":"CO-CES","shapeID":"13589884B76435085510886","shapeGroup":"COL","shapeType":"ADM1"}},{"arcs":[[-35,51,52,-47,-42]],"type":"Polygon","properties":{"shapeName":"Magdalena","shapeISO":"CO-MAG","shapeID":"13589884B85940101840667","shapeGroup":"COL","shapeType":"ADM1"}},{"arcs":[[-40,53,54]],"type":"Polygon","properties":{"shapeName":"Sucre","shapeISO":"CO-SUC","shapeID":"13589884B67390718500375","shapeGroup":"COL","shapeType":"ADM1"}},{"arcs":[[-29,55,-54,-39]],"type":"Polygon","properties":{"shapeName":"Córdoba","shapeISO":"CO-COR","shapeID":"13589884B54743798138783","shapeGroup":"COL","shapeType":"ADM1"}},{"arcs":[[-48,-53,56]],"type":"Polygon","properties":{"shapeName":"La Guajira","shapeISO":"CO-LAG","shapeID":"13589884B66570655136682","shapeGroup":"COL","shapeType":"ADM1"}},{"arcs":[[[-27,57,58,59]],[[60]]],"type":"MultiPolygon","properties":{"shapeName":"Chocó","shapeISO":"CO-CHO","shapeID":"13589884B53668371411224","shapeGroup":"COL","shapeType":"ADM1"}},{"arcs":[[-23,61,62,-59,63,64]],"type":"Polygon","properties":{"shapeName":"Valle del Cauca","shapeISO":"CO-VAC","shapeID":"13589884B83777567082486","shapeGroup":"COL","shapeType":"ADM1"}},{"arcs":[[-50,65,66,67]],"type":"Polygon","properties":{"shapeName":"Norte de Santander","shapeISO":"CO-NSA","shapeID":"13589884B27060143959141","shapeGroup":"COL","shapeType":"ADM1"}},{"arcs":[[-24,-65,68]],"type":"Polygon","properties":{"shapeName":"Quindío","shapeISO":"CO-QUI","shapeID":"13589884B61455559641217","shapeGroup":"COL","shapeType":"ADM1"}},{"arcs":[[-14,69,70,71,72,73]],"type":"Polygon","properties":{"shapeName":"Vichada","shapeISO":"CO-VID","shapeID":"13589884B14692588923622","shapeGroup":"COL","shapeType":"ADM1"}},{"arcs":[[-8,74,75,76,77]],"type":"Polygon","properties":{"shapeName":"Vaupés","shapeISO":"CO-VAU","shapeID":"13589884B22408468869829","shapeGroup":"COL","shapeType":"ADM1"}},{"arcs":[[-31,-44,-51,-68,78]],"type":"Polygon","properties":{"shapeName":"Santander","shapeISO":"CO-SAN","shapeID":"13589884B55612798068582","shapeGroup":"COL","shapeType":"ADM1"}},{"arcs":[[-5,-25,-69,-64,-58,-26]],"type":"Polygon","properties":{"shapeName":"Risaralda","shapeISO":"CO-RIS","shapeID":"13589884B85526028135750","shapeGroup":"COL","shapeType":"ADM1"}},{"arcs":[[-6,79,80,81,82]],"type":"Polygon","properties":{"shapeName":"Putumayo","shapeISO":"CO-PUT","shapeID":"13589884B42325644495938","shapeGroup":"COL","shapeType":"ADM1"}},{"arcs":[[[83]],[[84]],[[-81,85,86]],[[87]],[[88]]],"type":"MultiPolygon","properties":{"shapeName":"Nariño","shapeISO":"CO-NAR","shapeID":"13589884B81785725414319","shapeGroup":"COL","shapeType":"ADM1"}},{"arcs":[[-15,-74,89,-76,90]],"type":"Polygon","properties":{"shapeName":"Guaviare","shapeISO":"CO-GUV","shapeID":"13589884B51885004571697","shapeGroup":"COL","shapeType":"ADM1"}},{"arcs":[[-73,91,-77,-90]],"type":"Polygon","properties":{"shapeName":"Guainía","shapeISO":"CO-GUA","shapeID":"13589884B67034552102836","shapeGroup":"COL","shapeType":"ADM1"}},{"arcs":[[-11,92,-18]],"type":"Polygon","properties":{"shapeName":"Bogota Capital District","shapeISO":"CO-DC","shapeID":"13589884B40908771570386","shapeGroup":"COL","shapeType":"ADM1"}},{"arcs":[[-71,93,94,95]],"type":"Polygon","properties":{"shapeName":"Arauca","shapeISO":"CO-ARA","shapeID":"13589884B25788978851461","shapeGroup":"COL","shapeType":"ADM1"}},{"arcs":[[-2,-32,-79,-67,96,-95,97,-17]],"type":"Polygon","properties":{"shapeName":"Boyacá","shapeISO":"CO-BOY","shapeID":"13589884B62290921297491","shapeGroup":"COL","shapeType":"ADM1"}},{"arcs":[[-13,-98,-94,-70]],"type":"Polygon","properties":{"shapeName":"Casanare","shapeISO":"CO-CAS","shapeID":"13589884B21818736641406","shapeGroup":"COL","shapeType":"ADM1"}},{"arcs":[[-22,98,99,-82,-87,100,-62]],"type":"Polygon","properties":{"shapeName":"Cauca","shapeISO":"CO-CAU","shapeID":"13589884B79790550435280","shapeGroup":"COL","shapeType":"ADM1"}},{"arcs":[[-7,-83,-100,101,-16,-91,-75]],"type":"Polygon","properties":{"shapeName":"Caquetá","shapeISO":"CO-CAQ","shapeID":"13589884B16144547040567","shapeGroup":"COL","shapeType":"ADM1"}},{"arcs":[[-10,-102,-99,-21,-19,-93]],"type":"Polygon","properties":{"shapeName":"Huila","shapeISO":"CO-HUI","shapeID":"13589884B32024052187233","shapeGroup":"COL","shapeType":"ADM1"}},{"arcs":[[[102]],[[103]],[[104]]],"type":"MultiPolygon","properties":{"shapeName":"Archipiélago de San Andrés, Providencia y Santa Catalina","shapeISO":"CO-SAP","shapeID":"13589884B18807997781037","shapeGroup":"COL","shapeType":"ADM1"}}]}}}